slug,locale,primary_text,headline_price,headline_place,description,cta,link
"alisios-residences","en","34 apartments and penthouses in Marbella's Guadalmina Golf Valley, moments from San Pedro and Puerto Banús.","From €690,000","Golf Valley, Guadalmina Golf","From,€690,000","LEARN_MORE","https://nuevaliving.com/property-alisios-residences.html?utm_source=meta&utm_medium=paid_social&utm_campaign=en-san-pedro-alcantara&utm_content=alisios-residences"
"alisios-residences","es","34 apartamentos y áticos en el Valle del Golf de Guadalmina, Marbella, a un paso de San Pedro y Puerto Banús.","Desde 690.000 €","Golf Valley, Guadalmina Golf","From,€690,000","LEARN_MORE","https://nuevaliving.com/es/property-alisios-residences.html?utm_source=meta&utm_medium=paid_social&utm_campaign=es-san-pedro-alcantara&utm_content=alisios-residences"
"alisios-residences","fr","34 appartements et penthouses dans la Guadalmina Golf Valley à Marbella, à quelques minutes de San Pedro et de Puerto Banús.","À partir de 690 000 €","Golf Valley, Guadalmina Golf","From,€690,000","LEARN_MORE","https://nuevaliving.com/fr/property-alisios-residences.html?utm_source=meta&utm_medium=paid_social&utm_campaign=fr-san-pedro-alcantara&utm_content=alisios-residences"
"alisios-residences","de","34 Wohnungen und Penthäuser im Guadalmina Golf Valley in Marbella, nur wenige Minuten von San Pedro und Puerto Banús entfernt.","Ab 690.000 €","Golf Valley, Guadalmina Golf","From,€690,000","LEARN_MORE","https://nuevaliving.com/de/property-alisios-residences.html?utm_source=meta&utm_medium=paid_social&utm_campaign=de-san-pedro-alcantara&utm_content=alisios-residences"
"alisios-residences","ru","34 апартамента и пентхауса в долине для гольфа Гуадальмина в Марбелье, в нескольких минутах от Сан-Педро и Пуэрто-Бануса.","От 690 000 €","Golf Valley, Guadalmina Golf","From,€690,000","LEARN_MORE","https://nuevaliving.com/ru/property-alisios-residences.html?utm_source=meta&utm_medium=paid_social&utm_campaign=ru-san-pedro-alcantara&utm_content=alisios-residences"
"alisios-residences","ar","34 شقة وبنتهاوس في وادي غولف غوادالمينا بماربيا، على بعد دقائق من سان بيدرو وبويرتو بانوس.","ابتداءً من 690,000 €","Golf Valley، Guadalmina Golf","From,€690,000","LEARN_MORE","https://nuevaliving.com/ar/property-alisios-residences.html?utm_source=meta&utm_medium=paid_social&utm_campaign=ar-san-pedro-alcantara&utm_content=alisios-residences"
"alisios-residences","nl","34 appartementen en penthouses in de Guadalmina Golf Valley van Marbella, vlak bij San Pedro en Puerto Banús.","Vanaf € 690.000","Golf Valley, Guadalmina Golf","From,€690,000","LEARN_MORE","https://nuevaliving.com/nl/property-alisios-residences.html?utm_source=meta&utm_medium=paid_social&utm_campaign=nl-san-pedro-alcantara&utm_content=alisios-residences"
"alisios-residences","pl","34 apartamenty i penthouse'y w Guadalmina Golf Valley w Marbelli, blisko San Pedro i Puerto Banús.","Od 690 000 €","Golf Valley, Guadalmina Golf","From,€690,000","LEARN_MORE","https://nuevaliving.com/pl/property-alisios-residences.html?utm_source=meta&utm_medium=paid_social&utm_campaign=pl-san-pedro-alcantara&utm_content=alisios-residences"
"alisios-residences","no","34 leiligheter og takleiligheter i Marbellas Guadalmina Golf Valley, et steinkast fra San Pedro og Puerto Banús.","Fra 690 000 €","Golf Valley, Guadalmina Golf","From,€690,000","LEARN_MORE","https://nuevaliving.com/no/property-alisios-residences.html?utm_source=meta&utm_medium=paid_social&utm_campaign=no-san-pedro-alcantara&utm_content=alisios-residences"
"alisios-residences","sv","34 lägenheter och takvåningar i Marbellas Guadalmina Golf Valley, ett stenkast från San Pedro och Puerto Banús.","Från 690 000 €","Golf Valley, Guadalmina Golf","From,€690,000","LEARN_MORE","https://nuevaliving.com/sv/property-alisios-residences.html?utm_source=meta&utm_medium=paid_social&utm_campaign=sv-san-pedro-alcantara&utm_content=alisios-residences"
"altos-de-marbella","en","A small collection of elevated homes with open terraces, sea views and a quieter coastal setting.","From €1,050,000","Marbella East — Elevated Coastline","From,€1,050,000","LEARN_MORE","https://nuevaliving.com/property-altos-de-marbella.html?utm_source=meta&utm_medium=paid_social&utm_campaign=en-marbella&utm_content=altos-de-marbella"
"altos-de-marbella","es","Una pequeña colección de viviendas elevadas con terrazas abiertas, vistas al mar y un entorno costero más tranquilo.","Desde 1.050.000 €","Sea View, Marbella Este — Costa Elevada","From,€1,050,000","LEARN_MORE","https://nuevaliving.com/es/property-altos-de-marbella.html?utm_source=meta&utm_medium=paid_social&utm_campaign=es-marbella&utm_content=altos-de-marbella"
"altos-de-marbella","fr","Une petite collection de résidences en hauteur avec terrasses ouvertes, vue sur mer et un cadre côtier plus paisible.","À partir de 1 050 000 €","Marbella Est — Littoral Surélevé","From,€1,050,000","LEARN_MORE","https://nuevaliving.com/fr/property-altos-de-marbella.html?utm_source=meta&utm_medium=paid_social&utm_campaign=fr-marbella&utm_content=altos-de-marbella"
"altos-de-marbella","de","Eine kleine Auswahl erhöht gelegener Wohnungen mit offenen Terrassen, Meerblick und einer ruhigeren Küstenlage.","Ab 1.050.000 €","Marbella Ost — Erhöhte Küstenlage","From,€1,050,000","LEARN_MORE","https://nuevaliving.com/de/property-altos-de-marbella.html?utm_source=meta&utm_medium=paid_social&utm_campaign=de-marbella&utm_content=altos-de-marbella"
"altos-de-marbella","ru","Небольшая коллекция резиденций на возвышенности с открытыми террасами, видом на море и более спокойной прибрежной атмосферой.","От 1 050 000 €","Sea View","From,€1,050,000","LEARN_MORE","https://nuevaliving.com/ru/property-altos-de-marbella.html?utm_source=meta&utm_medium=paid_social&utm_campaign=ru-marbella&utm_content=altos-de-marbella"
"altos-de-marbella","ar","مجموعة صغيرة من المنازل المرتفعة ذات الشرفات المفتوحة وإطلالات على البحر في موقع ساحلي أكثر هدوءًا.","ابتداءً من 1,050,000 €","Sea View، شرق ماربيا — الساحل المرتفع","From,€1,050,000","LEARN_MORE","https://nuevaliving.com/ar/property-altos-de-marbella.html?utm_source=meta&utm_medium=paid_social&utm_campaign=ar-marbella&utm_content=altos-de-marbella"
"altos-de-marbella","nl","Een kleine collectie hooggelegen woningen met open terrassen, zeezicht en een rustigere kustomgeving.","Vanaf € 1.050.000","Marbella Este — Hooggelegen Kust","From,€1,050,000","LEARN_MORE","https://nuevaliving.com/nl/property-altos-de-marbella.html?utm_source=meta&utm_medium=paid_social&utm_campaign=nl-marbella&utm_content=altos-de-marbella"
"altos-de-marbella","pl","Niewielka kolekcja wyniesionych rezydencji z otwartymi tarasami, widokiem na morze i spokojniejszym nadmorskim otoczeniem.","Od 1 050 000 €","Marbella Este — wyniesione wybrzeże","From,€1,050,000","LEARN_MORE","https://nuevaliving.com/pl/property-altos-de-marbella.html?utm_source=meta&utm_medium=paid_social&utm_campaign=pl-marbella&utm_content=altos-de-marbella"
"altos-de-marbella","no","En liten samling høytliggende boliger med åpne terrasser, havutsikt og roligere kystomgivelser.","Fra 1 050 000 €","Marbella Este — Høytliggende Kyst","From,€1,050,000","LEARN_MORE","https://nuevaliving.com/no/property-altos-de-marbella.html?utm_source=meta&utm_medium=paid_social&utm_campaign=no-marbella&utm_content=altos-de-marbella"
"altos-de-marbella","sv","En liten samling högt belägna bostäder med öppna terrasser, havsutsikt och en lugnare kustmiljö.","Från 1 050 000 €","Marbella Este — Högt Belägen Kust","From,€1,050,000","LEARN_MORE","https://nuevaliving.com/sv/property-altos-de-marbella.html?utm_source=meta&utm_medium=paid_social&utm_campaign=sv-marbella&utm_content=altos-de-marbella"
"atalaya-duplex-residences","en","Forty duplex apartments and penthouses beside Atalaya Golf, most with a private pool, in a gated scheme with an indoor pool, spa, gym and padel court.","From EUR 829,000","Apartments, Atalaya","From,EUR 829,000","LEARN_MORE","https://nuevaliving.com/property-atalaya-duplex-residences.html?utm_source=meta&utm_medium=paid_social&utm_campaign=en-estepona&utm_content=atalaya-duplex-residences"
"atalaya-duplex-residences","es","Cuarenta dúplex y áticos junto al golf de Atalaya, con piscina privada en la mayoría, en un conjunto cerrado con piscina interior, spa, gimnasio y pista de pádel.","Desde 829.000 €","Apartamentos, Atalaya","Desde,829.000 €","LEARN_MORE","https://nuevaliving.com/es/property-atalaya-duplex-residences.html?utm_source=meta&utm_medium=paid_social&utm_campaign=es-estepona&utm_content=atalaya-duplex-residences"
"atalaya-duplex-residences","fr","Quarante duplex et penthouses au bord du golf d'Atalaya, pour la plupart avec piscine privée, dans une résidence fermée avec piscine intérieure, spa, salle de sport et terrain de padel.","À partir de 829 000 €","Appartements, Atalaya","À partir de,829 000 €","LEARN_MORE","https://nuevaliving.com/fr/property-atalaya-duplex-residences.html?utm_source=meta&utm_medium=paid_social&utm_campaign=fr-estepona&utm_content=atalaya-duplex-residences"
"atalaya-duplex-residences","de","Vierzig Maisonette-Wohnungen und Penthäuser neben dem Golfplatz Atalaya, überwiegend mit eigenem Pool, in einer geschlossenen Anlage mit Innenpool, Spa, Fitnessraum und Padelplatz.","Ab 829.000 €","Wohnungen, Atalaya","Ab,829.000 €","LEARN_MORE","https://nuevaliving.com/de/property-atalaya-duplex-residences.html?utm_source=meta&utm_medium=paid_social&utm_campaign=de-estepona&utm_content=atalaya-duplex-residences"
"atalaya-duplex-residences","ru","Сорок дуплексов и пентхаусов рядом с полем Atalaya, у большинства с собственным бассейном, в закрытом комплексе с крытым бассейном, спа, тренажёрным залом и кортом для падела.","От 829 000 €","Апартаменты, Аталайя","От,829 000 €","LEARN_MORE","https://nuevaliving.com/ru/property-atalaya-duplex-residences.html?utm_source=meta&utm_medium=paid_social&utm_campaign=ru-estepona&utm_content=atalaya-duplex-residences"
"atalaya-duplex-residences","ar","أربعون شقة دوبلكس وبنتهاوس بجوار ملعب أتالايا للغولف، لمعظمها مسبح خاص، ضمن مجمع مغلق فيه مسبح داخلي وسبا وصالة رياضية وملعب بادل.","ابتداءً من 829,000 €","شقق، أتالايا","ابتداءً من,829,000 €","LEARN_MORE","https://nuevaliving.com/ar/property-atalaya-duplex-residences.html?utm_source=meta&utm_medium=paid_social&utm_campaign=ar-estepona&utm_content=atalaya-duplex-residences"
"atalaya-duplex-residences","nl","Veertig duplexwoningen en penthouses naast Atalaya Golf, bij de meeste met een eigen zwembad, in een besloten complex met binnenzwembad, spa, fitnessruimte en padelbaan.","Vanaf € 829.000","Appartementen, Atalaya","Vanaf,€ 829.000","LEARN_MORE","https://nuevaliving.com/nl/property-atalaya-duplex-residences.html?utm_source=meta&utm_medium=paid_social&utm_campaign=nl-estepona&utm_content=atalaya-duplex-residences"
"atalaya-duplex-residences","pl","Czterdzieści mieszkań dwupoziomowych i penthouse'ów przy polu Atalaya, w większości z własnym basenem, w zamkniętym osiedlu z basenem krytym, spa, siłownią i kortem do padla.","Od 829 000 €","Apartamenty, Atalaya","Od,829 000 €","LEARN_MORE","https://nuevaliving.com/pl/property-atalaya-duplex-residences.html?utm_source=meta&utm_medium=paid_social&utm_campaign=pl-estepona&utm_content=atalaya-duplex-residences"
"atalaya-duplex-residences","no","Førti toetasjes leiligheter og toppleiligheter ved siden av Atalaya Golf, de fleste med eget basseng, i et lukket anlegg med innendørsbasseng, spa, treningsrom og padelbane.","Fra 829 000 €","Leiligheter, Atalaya","Fra,829 000 €","LEARN_MORE","https://nuevaliving.com/no/property-atalaya-duplex-residences.html?utm_source=meta&utm_medium=paid_social&utm_campaign=no-estepona&utm_content=atalaya-duplex-residences"
"atalaya-duplex-residences","sv","Fyrtio etagelägenheter och takvåningar intill Atalaya Golf, de flesta med egen pool, i ett grindat område med inomhuspool, spa, gym och padelbana.","Från 829 000 €","Lägenheter, Atalaya","Från,829 000 €","LEARN_MORE","https://nuevaliving.com/sv/property-atalaya-duplex-residences.html?utm_source=meta&utm_medium=paid_social&utm_campaign=sv-estepona&utm_content=atalaya-duplex-residences"
"azata-golf-townhouses","en","Eighty-seven finished three-bedroom townhouses beside Azata Golf, each with a private garage, in a gated scheme with two pools, a spa and a gym.","From €470,250","Estepona, Azata Golf","From,€470,250","LEARN_MORE","https://nuevaliving.com/property-azata-golf-townhouses.html?utm_source=meta&utm_medium=paid_social&utm_campaign=en-estepona&utm_content=azata-golf-townhouses"
"azata-golf-townhouses","es","Ochenta y siete adosados de tres dormitorios terminados junto a Azata Golf, cada uno con garaje privado, en un conjunto cerrado con dos piscinas, spa y gimnasio.","Desde 470.250 €","Estepona, Azata Golf","Desde,470.250 €","LEARN_MORE","https://nuevaliving.com/es/property-azata-golf-townhouses.html?utm_source=meta&utm_medium=paid_social&utm_campaign=es-estepona&utm_content=azata-golf-townhouses"
"azata-golf-townhouses","fr","Quatre-vingt-sept maisons de ville de trois chambres achevées au bord du golf d'Azata, chacune avec garage privé, dans une résidence fermée avec deux piscines, un spa et une salle de sport.","À partir de 470 250 €","Estepona, Azata Golf","À partir de,470 250 €","LEARN_MORE","https://nuevaliving.com/fr/property-azata-golf-townhouses.html?utm_source=meta&utm_medium=paid_social&utm_campaign=fr-estepona&utm_content=azata-golf-townhouses"
"azata-golf-townhouses","de","Siebenundachtzig fertiggestellte Reihenhäuser mit drei Schlafzimmern neben dem Golfplatz Azata, jedes mit privater Garage, in einer geschlossenen Anlage mit zwei Pools, Spa und Fitnessraum.","Ab 470.250 €","Estepona, Azata Golf","Ab,470.250 €","LEARN_MORE","https://nuevaliving.com/de/property-azata-golf-townhouses.html?utm_source=meta&utm_medium=paid_social&utm_campaign=de-estepona&utm_content=azata-golf-townhouses"
"azata-golf-townhouses","ru","Восемьдесят семь завершённых таунхаусов с тремя спальнями рядом с полем Azata Golf, каждый с частным гаражом, в закрытом комплексе с двумя бассейнами, спа и тренажёрным залом.","От 470 250 €","Эстепона, Azata Golf","От,470 250 €","LEARN_MORE","https://nuevaliving.com/ru/property-azata-golf-townhouses.html?utm_source=meta&utm_medium=paid_social&utm_campaign=ru-estepona&utm_content=azata-golf-townhouses"
"azata-golf-townhouses","ar","سبعة وثمانون منزلاً متلاصقاً مكتملاً بثلاث غرف نوم بجوار ملعب أزاتا للغولف، لكل منها مرآب خاص، ضمن مجمع مغلق فيه مسبحان وسبا وصالة رياضية.","من 470,250 €","إستيبونا، أزاتا غولف","ابتداءً من,470,250 €","LEARN_MORE","https://nuevaliving.com/ar/property-azata-golf-townhouses.html?utm_source=meta&utm_medium=paid_social&utm_campaign=ar-estepona&utm_content=azata-golf-townhouses"
"azata-golf-townhouses","nl","Zevenentachtig opgeleverde geschakelde woningen met drie slaapkamers naast Azata Golf, elk met een eigen garage, in een besloten complex met twee zwembaden, een spa en een fitnessruimte.","Vanaf € 470.250","Estepona, Azata Golf","Vanaf,€ 470.250","LEARN_MORE","https://nuevaliving.com/nl/property-azata-golf-townhouses.html?utm_source=meta&utm_medium=paid_social&utm_campaign=nl-estepona&utm_content=azata-golf-townhouses"
"azata-golf-townhouses","pl","Osiemdziesiąt siedem ukończonych domów szeregowych z trzema sypialniami przy polu Azata Golf, każdy z prywatnym garażem, w zamkniętym osiedlu z dwoma basenami, spa i siłownią.","Od 470 250 €","Estepona, Azata Golf","Od,470 250 €","LEARN_MORE","https://nuevaliving.com/pl/property-azata-golf-townhouses.html?utm_source=meta&utm_medium=paid_social&utm_campaign=pl-estepona&utm_content=azata-golf-townhouses"
"azata-golf-townhouses","no","Åttisju ferdigstilte rekkehus med tre soverom ved siden av Azata Golf, hvert med privat garasje, i et lukket anlegg med to bassenger, spa og treningsrom.","Fra 470 250 €","Estepona, Azata Golf","Fra,470 250 €","LEARN_MORE","https://nuevaliving.com/no/property-azata-golf-townhouses.html?utm_source=meta&utm_medium=paid_social&utm_campaign=no-estepona&utm_content=azata-golf-townhouses"
"azata-golf-townhouses","sv","Åttiosju färdigställda radhus med tre sovrum intill Azata Golf, vart och ett med privat garage, i ett grindat område med två pooler, spa och gym.","Från 470 250 €","Estepona, Azata Golf","Från,470 250 €","LEARN_MORE","https://nuevaliving.com/sv/property-azata-golf-townhouses.html?utm_source=meta&utm_medium=paid_social&utm_campaign=sv-estepona&utm_content=azata-golf-townhouses"
"bahia-serena-residences","en","A boutique collection of 25 apartments across four buildings in Bahía Dorada, Estepona, a short walk from Arroyo Vaquero beach.","From EUR 350,000","Estepona, Estepona","From,EUR 350,000","LEARN_MORE","https://nuevaliving.com/property-bahia-serena-residences.html?utm_source=meta&utm_medium=paid_social&utm_campaign=en-estepona&utm_content=bahia-serena-residences"
"bahia-serena-residences","es","Una colección boutique de 25 apartamentos repartidos en cuatro edificios en Bahía Dorada, Estepona, a pocos pasos de la playa de Arroyo Vaquero.","Desde 350.000 €","Estepona, Estepona","Desde,350.000 €","LEARN_MORE","https://nuevaliving.com/es/property-bahia-serena-residences.html?utm_source=meta&utm_medium=paid_social&utm_campaign=es-estepona&utm_content=bahia-serena-residences"
"bahia-serena-residences","fr","Une collection boutique de 25 appartements répartis dans quatre bâtiments à Bahía Dorada, Estepona, à quelques pas de la plage d'Arroyo Vaquero.","À partir de 350 000 €","Estepona, Estepona","À partir de,350 000 €","LEARN_MORE","https://nuevaliving.com/fr/property-bahia-serena-residences.html?utm_source=meta&utm_medium=paid_social&utm_campaign=fr-estepona&utm_content=bahia-serena-residences"
"bahia-serena-residences","de","Eine Boutique-Kollektion von 25 Wohnungen in vier Gebäuden in Bahía Dorada, Estepona, wenige Gehminuten vom Strand Arroyo Vaquero.","Ab 350.000 €","Estepona, Estepona","Ab,350.000 €","LEARN_MORE","https://nuevaliving.com/de/property-bahia-serena-residences.html?utm_source=meta&utm_medium=paid_social&utm_campaign=de-estepona&utm_content=bahia-serena-residences"
"bahia-serena-residences","ru","Бутик-коллекция из 25 апартаментов в четырёх зданиях в Баия-Дорада, Эстепона, в нескольких минутах ходьбы от пляжа Арройо-Вакеро.","От 350 000 €","Estepona, Эстепона","От,350 000 €","LEARN_MORE","https://nuevaliving.com/ru/property-bahia-serena-residences.html?utm_source=meta&utm_medium=paid_social&utm_campaign=ru-estepona&utm_content=bahia-serena-residences"
"bahia-serena-residences","ar","مجموعة بوتيكية من 25 شقة موزعة على أربعة مبانٍ في باهيا دورادا، إستيبونا، على بعد دقائق سيراً من شاطئ أرويو باكيرو.","ابتداءً من 350,000 €","Estepona، إستيبونا","ابتداءً من,350,000 €","LEARN_MORE","https://nuevaliving.com/ar/property-bahia-serena-residences.html?utm_source=meta&utm_medium=paid_social&utm_campaign=ar-estepona&utm_content=bahia-serena-residences"
"bahia-serena-residences","nl","Een boetiekcomplex van 25 appartementen in vier gebouwen in Bahía Dorada, Estepona, op korte loopafstand van het strand van Arroyo Vaquero.","Vanaf € 350.000","Estepona, Estepona","From,EUR 350,000","LEARN_MORE","https://nuevaliving.com/nl/property-bahia-serena-residences.html?utm_source=meta&utm_medium=paid_social&utm_campaign=nl-estepona&utm_content=bahia-serena-residences"
"bahia-serena-residences","pl","Butikowy zespół 25 apartamentów w czterech budynkach w Bahía Dorada, Estepona, w krótkiej odległości pieszo od plaży Arroyo Vaquero.","Od 350 000 €","Estepona, Estepona","From,EUR 350,000","LEARN_MORE","https://nuevaliving.com/pl/property-bahia-serena-residences.html?utm_source=meta&utm_medium=paid_social&utm_campaign=pl-estepona&utm_content=bahia-serena-residences"
"bahia-serena-residences","no","Et boutiqueanlegg med 25 leiligheter fordelt på fire bygninger i Bahía Dorada, Estepona, kort gangavstand fra Arroyo Vaquero-stranden.","Fra 350 000 €","Estepona, Estepona","From,EUR 350,000","LEARN_MORE","https://nuevaliving.com/no/property-bahia-serena-residences.html?utm_source=meta&utm_medium=paid_social&utm_campaign=no-estepona&utm_content=bahia-serena-residences"
"bahia-serena-residences","sv","En boutiquesamling om 25 lägenheter i fyra byggnader i Bahía Dorada, Estepona, en kort promenad från Arroyo Vaquero-stranden.","Från 350 000 €","Estepona, Estepona","From,EUR 350,000","LEARN_MORE","https://nuevaliving.com/sv/property-bahia-serena-residences.html?utm_source=meta&utm_medium=paid_social&utm_campaign=sv-estepona&utm_content=bahia-serena-residences"
"bel-air-villa-collection","en","15 independent 4-bedroom villas in Bel Air on the New Golden Mile, each with a private pool, pool bar and almost six-metre living room ceilings.","From €2,400,000 + VAT","New Golden Mile, Bel Air","From,€2,400,000 + VAT","LEARN_MORE","https://nuevaliving.com/property-bel-air-villa-collection.html?utm_source=meta&utm_medium=paid_social&utm_campaign=en-estepona&utm_content=bel-air-villa-collection"
"bel-air-villa-collection","es","15 villas independientes de 4 dormitorios en Bel Air, en la Nueva Milla de Oro, cada una con piscina privada, chiringuito y salón con techos de casi seis metros.","Desde 2.400.000 € + IVA","Nueva Milla de Oro, Bel Air","Desde,2.400.000 € + IVA","LEARN_MORE","https://nuevaliving.com/es/property-bel-air-villa-collection.html?utm_source=meta&utm_medium=paid_social&utm_campaign=es-estepona&utm_content=bel-air-villa-collection"
"bel-air-villa-collection","fr","15 villas indépendantes de 4 chambres à Bel Air, sur la New Golden Mile, chacune avec piscine privée, pool bar et un séjour aux plafonds de près de six mètres.","À partir de 2 400 000 € + TVA","New Golden Mile, Bel Air","À partir de,2 400 000 € + TVA","LEARN_MORE","https://nuevaliving.com/fr/property-bel-air-villa-collection.html?utm_source=meta&utm_medium=paid_social&utm_campaign=fr-estepona&utm_content=bel-air-villa-collection"
"bel-air-villa-collection","de","15 freistehende Villen mit vier Schlafzimmern in Bel Air an der New Golden Mile, jeweils mit privatem Pool, Poolbar und einem Wohnraum mit fast sechs Metern Deckenhöhe.","Ab 2.400.000 € zzgl. MwSt.","New Golden Mile, Bel Air","Ab,2.400.000 € zzgl. MwSt.","LEARN_MORE","https://nuevaliving.com/de/property-bel-air-villa-collection.html?utm_source=meta&utm_medium=paid_social&utm_campaign=de-estepona&utm_content=bel-air-villa-collection"
"bel-air-villa-collection","ru","15 отдельно стоящих вилл с четырьмя спальнями в Bel Air на Новой Золотой миле, каждая с частным бассейном, пул-баром и гостиной высотой почти шесть метров.","От 2 400 000 € + НДС","Новая Золотая миля, Bel Air","От,2 400 000 € + НДС","LEARN_MORE","https://nuevaliving.com/ru/property-bel-air-villa-collection.html?utm_source=meta&utm_medium=paid_social&utm_campaign=ru-estepona&utm_content=bel-air-villa-collection"
"bel-air-villa-collection","ar","15 فيلا مستقلة بأربع غرف نوم في Bel Air على الميل الذهبي الجديد، لكل منها مسبح خاص وبار للمسبح وغرفة معيشة بارتفاع يقارب ستة أمتار.","ابتداءً من 2,400,000 € + ضريبة","الميل الذهبي الجديد، Bel Air","ابتداءً من,2,400,000 € + ضريبة","LEARN_MORE","https://nuevaliving.com/ar/property-bel-air-villa-collection.html?utm_source=meta&utm_medium=paid_social&utm_campaign=ar-estepona&utm_content=bel-air-villa-collection"
"bel-air-villa-collection","nl","15 vrijstaande villa's met 4 slaapkamers in Bel Air, aan de New Golden Mile, elk met privézwembad, pool bar en een woonkamer met een plafondhoogte van bijna zes meter.","Vanaf € 2.400.000 + btw","New Golden Mile, Bel Air","Vanaf,€ 2.400.000 + btw","LEARN_MORE","https://nuevaliving.com/nl/property-bel-air-villa-collection.html?utm_source=meta&utm_medium=paid_social&utm_campaign=nl-estepona&utm_content=bel-air-villa-collection"
"bel-air-villa-collection","pl","15 wolnostojących willi z 4 sypialniami w Bel Air, na New Golden Mile, każda z prywatnym basenem, pool barem i salonem o wysokości sufitu niemal sześciu metrów.","Od 2 400 000 € + VAT","New Golden Mile, Bel Air","Od,2 400 000 € + VAT","LEARN_MORE","https://nuevaliving.com/pl/property-bel-air-villa-collection.html?utm_source=meta&utm_medium=paid_social&utm_campaign=pl-estepona&utm_content=bel-air-villa-collection"
"bel-air-villa-collection","no","15 frittstående villaer med 4 soverom i Bel Air, på New Golden Mile, hver med privat basseng, pool bar og en stue med nesten seks meter takhøyde.","Fra 2 400 000 € + mva","New Golden Mile, Bel Air","Fra,2 400 000 € + mva","LEARN_MORE","https://nuevaliving.com/no/property-bel-air-villa-collection.html?utm_source=meta&utm_medium=paid_social&utm_campaign=no-estepona&utm_content=bel-air-villa-collection"
"bel-air-villa-collection","sv","15 fristående villor med 4 sovrum i Bel Air, på New Golden Mile, var och en med privat pool, pool bar och ett vardagsrum med nästan sex meter i takhöjd.","Från 2 400 000 € + moms","New Golden Mile, Bel Air","Från,2 400 000 € + moms","LEARN_MORE","https://nuevaliving.com/sv/property-bel-air-villa-collection.html?utm_source=meta&utm_medium=paid_social&utm_campaign=sv-estepona&utm_content=bel-air-villa-collection"
"buenas-noches-garden-residences","en","Thirty-one apartments and penthouses on the western edge of Estepona, from two-bedroom homes with their own garden to top-floor homes with a roof solarium.","From EUR 515,000","Apartments & Penthouses, Buenas Noches","2-3 bedrooms","LEARN_MORE","https://nuevaliving.com/property-buenas-noches-garden-residences.html?utm_source=meta&utm_medium=paid_social&utm_campaign=en-estepona&utm_content=buenas-noches-garden-residences"
"buenas-noches-garden-residences","es","Treinta y un apartamentos y áticos en el extremo oeste de Estepona, desde viviendas de dos dormitorios con jardín propio hasta viviendas de última planta con solárium.","Desde 515.000 €","Apartamentos y áticos, Buenas Noches","2-3 dormitorios","LEARN_MORE","https://nuevaliving.com/es/property-buenas-noches-garden-residences.html?utm_source=meta&utm_medium=paid_social&utm_campaign=es-estepona&utm_content=buenas-noches-garden-residences"
"buenas-noches-garden-residences","fr","Trente et un appartements et penthouses à l’extrémité ouest d’Estepona, du deux-chambres avec jardin privatif aux logements de dernier étage avec solarium.","À partir de 515 000 €","Buenas Noches","2-3 chambres","LEARN_MORE","https://nuevaliving.com/fr/property-buenas-noches-garden-residences.html?utm_source=meta&utm_medium=paid_social&utm_campaign=fr-estepona&utm_content=buenas-noches-garden-residences"
"buenas-noches-garden-residences","de","Einunddreißig Wohnungen und Penthäuser am Westrand von Estepona, von der Zweizimmerwohnung mit eigenem Garten bis zu den Dachgeschosswohnungen mit Solarium.","Ab 515.000 €","Wohnungen & Penthäuser, Buenas Noches","2-3 Schlafzimmer","LEARN_MORE","https://nuevaliving.com/de/property-buenas-noches-garden-residences.html?utm_source=meta&utm_medium=paid_social&utm_campaign=de-estepona&utm_content=buenas-noches-garden-residences"
"buenas-noches-garden-residences","ru","Тридцать одна квартира и пентхаус на западной окраине Эстепоны — от двухспальных с собственным садом до квартир верхнего этажа с солярием.","От 515 000 €","Апартаменты и пентхаусы, Буэнас-Ночес","2-3 спальни","LEARN_MORE","https://nuevaliving.com/ru/property-buenas-noches-garden-residences.html?utm_source=meta&utm_medium=paid_social&utm_campaign=ru-estepona&utm_content=buenas-noches-garden-residences"
"buenas-noches-garden-residences","ar","إحدى وثلاثون شقة وبنتهاوس في الطرف الغربي من إستيبونا، من مساكن بغرفتَي نوم وحديقة خاصة إلى مساكن الطابق العلوي بسولاريوم.","ابتداءً من 515,000 €","شقق وبنتهاوس، بويناس نوتشيس","2-3 غرف نوم","LEARN_MORE","https://nuevaliving.com/ar/property-buenas-noches-garden-residences.html?utm_source=meta&utm_medium=paid_social&utm_campaign=ar-estepona&utm_content=buenas-noches-garden-residences"
"buenas-noches-garden-residences","nl","Eenendertig appartementen en penthouses aan de westrand van Estepona, van woningen met twee slaapkamers en een eigen tuin tot woningen op de bovenste laag met dakterras.","Vanaf € 515.000","Buenas Noches","2-3 slaapkamers","LEARN_MORE","https://nuevaliving.com/nl/property-buenas-noches-garden-residences.html?utm_source=meta&utm_medium=paid_social&utm_campaign=nl-estepona&utm_content=buenas-noches-garden-residences"
"buenas-noches-garden-residences","pl","Trzydzieści jeden mieszkań i penthouse’ów na zachodnim krańcu Estepony, od dwupokojowych z własnym ogrodem po mieszkania na ostatniej kondygnacji z solarium.","Od 515 000 €","Apartamenty i penthouse'y, Buenas Noches","2-3 sypialnie","LEARN_MORE","https://nuevaliving.com/pl/property-buenas-noches-garden-residences.html?utm_source=meta&utm_medium=paid_social&utm_campaign=pl-estepona&utm_content=buenas-noches-garden-residences"
"buenas-noches-garden-residences","no","Trettién leiligheter og toppleiligheter helt vest i Estepona, fra toromsboliger med egen hage til toppetasjeboliger med solterrasse.","Fra 515 000 €","Buenas Noches","2-3 soverom","LEARN_MORE","https://nuevaliving.com/no/property-buenas-noches-garden-residences.html?utm_source=meta&utm_medium=paid_social&utm_campaign=no-estepona&utm_content=buenas-noches-garden-residences"
"buenas-noches-garden-residences","sv","Trettioen lägenheter och takvåningar i Esteponas västra utkant, från tvårummare med egen trädgård till bostäder på översta planet med solterrass.","Från 515 000 €","Buenas Noches","2-3 sovrum","LEARN_MORE","https://nuevaliving.com/sv/property-buenas-noches-garden-residences.html?utm_source=meta&utm_medium=paid_social&utm_campaign=sv-estepona&utm_content=buenas-noches-garden-residences"
"buenas-noches-terrace-residences","en","Nine apartments left on the western edge of Estepona, from two-bedroom homes with their own garden to a penthouse with a 164 sqm roof solarium.","From EUR 590,000","Apartments & Penthouses, Buenas Noches","2-3 bedrooms","LEARN_MORE","https://nuevaliving.com/property-buenas-noches-terrace-residences.html?utm_source=meta&utm_medium=paid_social&utm_campaign=en-estepona&utm_content=buenas-noches-terrace-residences"
"buenas-noches-terrace-residences","es","Quedan nueve apartamentos en el extremo oeste de Estepona, desde viviendas de dos dormitorios con jardín propio hasta un ático con solárium de 164 m².","Desde 590.000 €","Apartamentos y áticos, Buenas Noches","2-3 dormitorios","LEARN_MORE","https://nuevaliving.com/es/property-buenas-noches-terrace-residences.html?utm_source=meta&utm_medium=paid_social&utm_campaign=es-estepona&utm_content=buenas-noches-terrace-residences"
"buenas-noches-terrace-residences","fr","Il reste neuf appartements à l’extrémité ouest d’Estepona, du deux-chambres avec jardin privatif au penthouse doté d’un solarium de 164 m².","À partir de 590 000 €","Buenas Noches","2-3 chambres","LEARN_MORE","https://nuevaliving.com/fr/property-buenas-noches-terrace-residences.html?utm_source=meta&utm_medium=paid_social&utm_campaign=fr-estepona&utm_content=buenas-noches-terrace-residences"
"buenas-noches-terrace-residences","de","Am Westrand von Estepona sind neun Wohnungen übrig, vom Zweizimmerhaus mit eigenem Garten bis zum Penthouse mit 164 m² Dachsolarium.","Ab 590.000 €","Wohnungen & Penthäuser, Buenas Noches","2-3 Schlafzimmer","LEARN_MORE","https://nuevaliving.com/de/property-buenas-noches-terrace-residences.html?utm_source=meta&utm_medium=paid_social&utm_campaign=de-estepona&utm_content=buenas-noches-terrace-residences"
"buenas-noches-terrace-residences","ru","На западной окраине Эстепоны осталось девять квартир — от двухспальных с собственным садом до пентхауса с солярием на крыше 164 м².","От 590 000 €","Апартаменты и пентхаусы, Буэнас-Ночес","2-3 спальни","LEARN_MORE","https://nuevaliving.com/ru/property-buenas-noches-terrace-residences.html?utm_source=meta&utm_medium=paid_social&utm_campaign=ru-estepona&utm_content=buenas-noches-terrace-residences"
"buenas-noches-terrace-residences","ar","تبقّت تسع شقق في الطرف الغربي من إستيبونا، من مساكن بغرفتَي نوم وحديقة خاصة إلى بنتهاوس بسولاريوم على السطح مساحته 164 م².","ابتداءً من 590,000 €","شقق وبنتهاوس، بويناس نوتشيس","2-3 غرف نوم","LEARN_MORE","https://nuevaliving.com/ar/property-buenas-noches-terrace-residences.html?utm_source=meta&utm_medium=paid_social&utm_campaign=ar-estepona&utm_content=buenas-noches-terrace-residences"
"buenas-noches-terrace-residences","nl","Er zijn nog negen appartementen aan de westrand van Estepona, van woningen met twee slaapkamers en een eigen tuin tot een penthouse met een dakterras van 164 m².","Vanaf € 590.000","Buenas Noches","2-3 slaapkamers","LEARN_MORE","https://nuevaliving.com/nl/property-buenas-noches-terrace-residences.html?utm_source=meta&utm_medium=paid_social&utm_campaign=nl-estepona&utm_content=buenas-noches-terrace-residences"
"buenas-noches-terrace-residences","pl","Na zachodnim krańcu Estepony pozostało dziewięć mieszkań, od dwupokojowych z własnym ogrodem po penthouse z solarium na dachu o powierzchni 164 m².","Od 590 000 €","Apartamenty i penthouse'y, Buenas Noches","2-3 sypialnie","LEARN_MORE","https://nuevaliving.com/pl/property-buenas-noches-terrace-residences.html?utm_source=meta&utm_medium=paid_social&utm_campaign=pl-estepona&utm_content=buenas-noches-terrace-residences"
"buenas-noches-terrace-residences","no","Ni leiligheter gjenstår helt vest i Estepona, fra toromsboliger med egen hage til en toppleilighet med 164 m² solterrasse.","Fra 590 000 €","Buenas Noches","2-3 soverom","LEARN_MORE","https://nuevaliving.com/no/property-buenas-noches-terrace-residences.html?utm_source=meta&utm_medium=paid_social&utm_campaign=no-estepona&utm_content=buenas-noches-terrace-residences"
"buenas-noches-terrace-residences","sv","Nio lägenheter återstår i Esteponas västra utkant, från tvårummare med egen trädgård till en takvåning med 164 m² solterrass.","Från 590 000 €","Buenas Noches","2-3 sovrum","LEARN_MORE","https://nuevaliving.com/sv/property-buenas-noches-terrace-residences.html?utm_source=meta&utm_medium=paid_social&utm_campaign=sv-estepona&utm_content=buenas-noches-terrace-residences"
"calahonda-sea-view-villas","en","Seven detached sea-view villas in Calahonda, each with a private pool, a solarium and a lower level that can take a cinema or a gym.","From €1,650,000 + VAT","Mijas, Calahonda","From,€1,650,000","LEARN_MORE","https://nuevaliving.com/property-calahonda-sea-view-villas.html?utm_source=meta&utm_medium=paid_social&utm_campaign=en-mijas-fuengirola&utm_content=calahonda-sea-view-villas"
"calahonda-sea-view-villas","es","Siete villas independientes con vistas al mar en Calahonda, cada una con piscina privada, solárium y una planta inferior que admite cine o gimnasio.","Desde 1.650.000 € + IVA","Mijas, Calahonda","Desde,1.650.000 €","LEARN_MORE","https://nuevaliving.com/es/property-calahonda-sea-view-villas.html?utm_source=meta&utm_medium=paid_social&utm_campaign=es-mijas-fuengirola&utm_content=calahonda-sea-view-villas"
"calahonda-sea-view-villas","fr","Sept villas indépendantes avec vue mer à Calahonda, chacune avec piscine privée, solarium et un niveau inférieur pouvant accueillir un cinéma ou une salle de sport.","À partir de 1 650 000 € + TVA","Mijas, Calahonda","À partir de,1 650 000 €","LEARN_MORE","https://nuevaliving.com/fr/property-calahonda-sea-view-villas.html?utm_source=meta&utm_medium=paid_social&utm_campaign=fr-mijas-fuengirola&utm_content=calahonda-sea-view-villas"
"calahonda-sea-view-villas","de","Sieben freistehende Villen mit Meerblick in Calahonda, jede mit privatem Pool, Solarium und einem Untergeschoss, das Kino oder Fitnessraum aufnehmen kann.","Ab 1.650.000 € + MwSt.","Mijas, Calahonda","Ab,1.650.000 €","LEARN_MORE","https://nuevaliving.com/de/property-calahonda-sea-view-villas.html?utm_source=meta&utm_medium=paid_social&utm_campaign=de-mijas-fuengirola&utm_content=calahonda-sea-view-villas"
"calahonda-sea-view-villas","ru","Семь отдельных вилл с видом на море в Калаонде, у каждой частный бассейн, солярий и нижний уровень под кинозал или спортзал.","От 1 650 000 € + НДС","Mijas, Калаонда","От,1 650 000 €","LEARN_MORE","https://nuevaliving.com/ru/property-calahonda-sea-view-villas.html?utm_source=meta&utm_medium=paid_social&utm_campaign=ru-mijas-fuengirola&utm_content=calahonda-sea-view-villas"
"calahonda-sea-view-villas","ar","سبع فلل مستقلة بإطلالة على البحر في كالاهوندا، لكل منها مسبح خاص وسولاريوم ومستوى سفلي يتسع لصالة سينما أو رياضة.","من 1,650,000 € + ضريبة القيمة المضافة","Mijas، كالاهوندا","ابتداءً من,1,650,000 €","LEARN_MORE","https://nuevaliving.com/ar/property-calahonda-sea-view-villas.html?utm_source=meta&utm_medium=paid_social&utm_campaign=ar-mijas-fuengirola&utm_content=calahonda-sea-view-villas"
"calahonda-sea-view-villas","nl","Zeven vrijstaande villa’s met zeezicht in Calahonda, elk met privézwembad, solarium en een onderste niveau dat een bioscoop of fitnessruimte aankan.","Vanaf € 1.650.000 + btw","Mijas, Calahonda","Vanaf,€ 1.650.000","LEARN_MORE","https://nuevaliving.com/nl/property-calahonda-sea-view-villas.html?utm_source=meta&utm_medium=paid_social&utm_campaign=nl-mijas-fuengirola&utm_content=calahonda-sea-view-villas"
"calahonda-sea-view-villas","pl","Siedem wolnostojących willi z widokiem na morze w Calahonda, każda z prywatnym basenem, solarium i poziomem dolnym mieszczącym kino lub siłownię.","Od 1 650 000 € + VAT","Mijas, Calahonda","Od,1 650 000 €","LEARN_MORE","https://nuevaliving.com/pl/property-calahonda-sea-view-villas.html?utm_source=meta&utm_medium=paid_social&utm_campaign=pl-mijas-fuengirola&utm_content=calahonda-sea-view-villas"
"calahonda-sea-view-villas","no","Sju frittstående villaer med sjøutsikt i Calahonda, hver med privat basseng, solterrasse og et nedre plan som rommer kino eller treningsrom.","Fra 1 650 000 € + mva","Mijas, Calahonda","Fra,1 650 000 €","LEARN_MORE","https://nuevaliving.com/no/property-calahonda-sea-view-villas.html?utm_source=meta&utm_medium=paid_social&utm_campaign=no-mijas-fuengirola&utm_content=calahonda-sea-view-villas"
"calahonda-sea-view-villas","sv","Sju fristående villor med havsutsikt i Calahonda, var och en med privat pool, solterrass och ett nedre plan som rymmer biosalong eller gym.","Från 1 650 000 € + moms","Mijas, Calahonda","Från,1 650 000 €","LEARN_MORE","https://nuevaliving.com/sv/property-calahonda-sea-view-villas.html?utm_source=meta&utm_medium=paid_social&utm_campaign=sv-mijas-fuengirola&utm_content=calahonda-sea-view-villas"
"cancelada-park","en","Low-rise apartments and penthouses with large terraces, garden options and access to a wider resort setting.","From €799,000","Cancelada / New Golden Mile","From,€799,000","LEARN_MORE","https://nuevaliving.com/property-cancelada-park.html?utm_source=meta&utm_medium=paid_social&utm_campaign=en-estepona&utm_content=cancelada-park"
"cancelada-park","es","Apartamentos y áticos de baja altura con amplias terrazas, opción de jardín y acceso a un entorno tipo resort más amplio.","Desde 799.000 €","Cancelada / New Golden Mile","From,€799,000","LEARN_MORE","https://nuevaliving.com/es/property-cancelada-park.html?utm_source=meta&utm_medium=paid_social&utm_campaign=es-estepona&utm_content=cancelada-park"
"cancelada-park","fr","Appartements et penthouses de faible hauteur avec grandes terrasses, option jardin et accès à un cadre de type resort plus vaste.","À partir de 799 000 €","Cancelada / New Golden Mile","From,€799,000","LEARN_MORE","https://nuevaliving.com/fr/property-cancelada-park.html?utm_source=meta&utm_medium=paid_social&utm_campaign=fr-estepona&utm_content=cancelada-park"
"cancelada-park","de","Niedrig gebaute Wohnungen und Penthäuser mit großen Terrassen, Gartenoption und Zugang zu einer weitläufigen Resort-Anlage.","Ab 799.000 €","Cancelada / New Golden Mile","From,€799,000","LEARN_MORE","https://nuevaliving.com/de/property-cancelada-park.html?utm_source=meta&utm_medium=paid_social&utm_campaign=de-estepona&utm_content=cancelada-park"
"cancelada-park","ru","Малоэтажные апартаменты и пентхаусы с большими террасами, возможностью сада и доступом к обширной курортной зоне.","От 799 000 €","Канселада / Новая Золотая миля","From,€799,000","LEARN_MORE","https://nuevaliving.com/ru/property-cancelada-park.html?utm_source=meta&utm_medium=paid_social&utm_campaign=ru-estepona&utm_content=cancelada-park"
"cancelada-park","ar","شقق وبنتهاوس منخفضة الارتفاع بشرفات واسعة وخيار حديقة، مع إمكانية الوصول إلى محيط أوسع على طراز المنتجعات.","ابتداءً من 799,000 €","كانسيلادا / الميل الذهبي الجديد","From,€799,000","LEARN_MORE","https://nuevaliving.com/ar/property-cancelada-park.html?utm_source=meta&utm_medium=paid_social&utm_campaign=ar-estepona&utm_content=cancelada-park"
"cancelada-park","nl","Laagbouwappartementen en penthouses met ruime terrassen, tuinopties en toegang tot een bredere resortomgeving.","Vanaf € 799.000","Cancelada / New Golden Mile","From,€799,000","LEARN_MORE","https://nuevaliving.com/nl/property-cancelada-park.html?utm_source=meta&utm_medium=paid_social&utm_campaign=nl-estepona&utm_content=cancelada-park"
"cancelada-park","pl","Niskie apartamenty i penthouse'y z dużymi tarasami, opcją ogrodu i dostępem do szerszego resortu.","Od 799 000 €","Cancelada / New Golden Mile","From,€799,000","LEARN_MORE","https://nuevaliving.com/pl/property-cancelada-park.html?utm_source=meta&utm_medium=paid_social&utm_campaign=pl-estepona&utm_content=cancelada-park"
"cancelada-park","no","Lave leiligheter og toppleiligheter med store terrasser, hagealternativer og tilgang til en bredere resortomgivelse.","Fra 799 000 €","Cancelada / New Golden Mile","From,€799,000","LEARN_MORE","https://nuevaliving.com/no/property-cancelada-park.html?utm_source=meta&utm_medium=paid_social&utm_campaign=no-estepona&utm_content=cancelada-park"
"cancelada-park","sv","Låga lägenheter och takvåningar med stora terrasser, trädgårdsalternativ och tillgång till en vidare resortmiljö.","Från 799 000 €","Cancelada / New Golden Mile","From,€799,000","LEARN_MORE","https://nuevaliving.com/sv/property-cancelada-park.html?utm_source=meta&utm_medium=paid_social&utm_campaign=sv-estepona&utm_content=cancelada-park"
"casares-costa-residences","en","Twenty-five apartments in two low blocks at Casares Costa, with terraces from 65 sqm, private gardens on the ground floor and a pool, spa and gym.","From EUR 629,000","Apartments, Casares Costa","From,EUR 629,000","LEARN_MORE","https://nuevaliving.com/property-casares-costa-residences.html?utm_source=meta&utm_medium=paid_social&utm_campaign=en-casares&utm_content=casares-costa-residences"
"casares-costa-residences","es","Veinticinco apartamentos en dos bloques bajos en Casares Costa, con terrazas desde 65 m², jardines privados en planta baja y piscina, spa y gimnasio.","Desde 629.000 €","Apartamentos, Casares Costa","Desde,629.000 €","LEARN_MORE","https://nuevaliving.com/es/property-casares-costa-residences.html?utm_source=meta&utm_medium=paid_social&utm_campaign=es-casares&utm_content=casares-costa-residences"
"casares-costa-residences","fr","Vingt-cinq appartements dans deux immeubles bas à Casares Costa, avec des terrasses à partir de 65 m², des jardins privatifs en rez-de-chaussée et piscine, spa et salle de sport.","À partir de 629 000 €","Appartements, Casares Costa","À partir de,629 000 €","LEARN_MORE","https://nuevaliving.com/fr/property-casares-costa-residences.html?utm_source=meta&utm_medium=paid_social&utm_campaign=fr-casares&utm_content=casares-costa-residences"
"casares-costa-residences","de","Fünfundzwanzig Wohnungen in zwei niedrigen Gebäuden in Casares Costa, mit Terrassen ab 65 m², eigenen Gärten im Erdgeschoss sowie Pool, Spa und Fitnessraum.","Ab 629.000 €","Wohnungen, Casares Costa","Ab,629.000 €","LEARN_MORE","https://nuevaliving.com/de/property-casares-costa-residences.html?utm_source=meta&utm_medium=paid_social&utm_campaign=de-casares&utm_content=casares-costa-residences"
"casares-costa-residences","ru","Двадцать пять квартир в двух малоэтажных корпусах в Касарес-Косте, с террасами от 65 м², собственными садами на первом этаже, бассейном, спа и тренажёрным залом.","От 629 000 €","Апартаменты, Касарес-Коста","От,629 000 €","LEARN_MORE","https://nuevaliving.com/ru/property-casares-costa-residences.html?utm_source=meta&utm_medium=paid_social&utm_campaign=ru-casares&utm_content=casares-costa-residences"
"casares-costa-residences","ar","خمس وعشرون شقة في مبنيين منخفضين في كاساريس كوستا، بتراسات من 65 م² فأكثر وحدائق خاصة في الطابق الأرضي ومسبح وسبا وصالة رياضة.","ابتداءً من 629,000 €","شقق، كاساريس كوستا","ابتداءً من,629,000 €","LEARN_MORE","https://nuevaliving.com/ar/property-casares-costa-residences.html?utm_source=meta&utm_medium=paid_social&utm_campaign=ar-casares&utm_content=casares-costa-residences"
"casares-costa-residences","nl","Vijfentwintig appartementen in twee lage gebouwen in Casares Costa, met terrassen vanaf 65 m², eigen tuinen op de begane grond en zwembad, spa en fitnessruimte.","Vanaf € 629.000","Appartementen, Casares Costa","Vanaf,€ 629.000","LEARN_MORE","https://nuevaliving.com/nl/property-casares-costa-residences.html?utm_source=meta&utm_medium=paid_social&utm_campaign=nl-casares&utm_content=casares-costa-residences"
"casares-costa-residences","pl","Dwadzieścia pięć mieszkań w dwóch niskich budynkach w Casares Costa, z tarasami od 65 m², własnymi ogrodami na parterze oraz basenem, strefą spa i siłownią.","Od 629 000 €","Apartamenty, Casares Costa","Od,629 000 €","LEARN_MORE","https://nuevaliving.com/pl/property-casares-costa-residences.html?utm_source=meta&utm_medium=paid_social&utm_campaign=pl-casares&utm_content=casares-costa-residences"
"casares-costa-residences","no","Tjuefem leiligheter i to lave bygg i Casares Costa, med terrasser fra 65 m², egne hager på bakkeplan samt basseng, spa og treningsrom.","Fra 629 000 €","Leiligheter, Casares Costa","Fra,629 000 €","LEARN_MORE","https://nuevaliving.com/no/property-casares-costa-residences.html?utm_source=meta&utm_medium=paid_social&utm_campaign=no-casares&utm_content=casares-costa-residences"
"casares-costa-residences","sv","Tjugofem lägenheter i två låga hus i Casares Costa, med terrasser från 65 m², egna trädgårdar på bottenvåningen samt pool, spa och gym.","Från 629 000 €","Lägenheter, Casares Costa","Från,629 000 €","LEARN_MORE","https://nuevaliving.com/sv/property-casares-costa-residences.html?utm_source=meta&utm_medium=paid_social&utm_campaign=sv-casares&utm_content=casares-costa-residences"
"cerrado-vista-residences","en","A collection of 71 apartments and penthouses on a hilltop plot in Mijas, next to Cerrado del Aguila Golf Club, with panoramic views.","From EUR 390,000","Mijas, Mijas","From,EUR 390,000","LEARN_MORE","https://nuevaliving.com/property-cerrado-vista-residences.html?utm_source=meta&utm_medium=paid_social&utm_campaign=en-mijas-fuengirola&utm_content=cerrado-vista-residences"
"cerrado-vista-residences","es","Una colección de 71 apartamentos y áticos sobre una parcela elevada en Mijas, junto al Club de Golf Cerrado del Águila, con vistas panorámicas.","Desde 390.000 €","Mijas, Mijas","Desde,390.000 €","LEARN_MORE","https://nuevaliving.com/es/property-cerrado-vista-residences.html?utm_source=meta&utm_medium=paid_social&utm_campaign=es-mijas-fuengirola&utm_content=cerrado-vista-residences"
"cerrado-vista-residences","fr","Une collection de 71 appartements et penthouses sur une parcelle en hauteur à Mijas, juste à côté du Cerrado del Aguila Golf Club, avec vue panoramique.","À partir de 390 000 €","Mijas, Mijas","À partir de,390 000 €","LEARN_MORE","https://nuevaliving.com/fr/property-cerrado-vista-residences.html?utm_source=meta&utm_medium=paid_social&utm_campaign=fr-mijas-fuengirola&utm_content=cerrado-vista-residences"
"cerrado-vista-residences","de","Eine Sammlung von 71 Wohnungen und Penthäusern auf einem erhöhten Grundstück in Mijas, direkt neben dem Golfclub Cerrado del Aguila, mit Panoramablick.","Ab 390.000 €","Mijas, Mijas","Ab,390.000 €","LEARN_MORE","https://nuevaliving.com/de/property-cerrado-vista-residences.html?utm_source=meta&utm_medium=paid_social&utm_campaign=de-mijas-fuengirola&utm_content=cerrado-vista-residences"
"cerrado-vista-residences","ru","Коллекция из 71 апартаментов и пентхаусов на возвышенном участке в Михасе, рядом с гольф-клубом Cerrado del Aguila, с панорамным видом.","От 390 000 €","Mijas, Михас","От,390 000 €","LEARN_MORE","https://nuevaliving.com/ru/property-cerrado-vista-residences.html?utm_source=meta&utm_medium=paid_social&utm_campaign=ru-mijas-fuengirola&utm_content=cerrado-vista-residences"
"cerrado-vista-residences","ar","مجموعة من 71 شقة وبنتهاوس على قطعة أرض مرتفعة في ميخاس، مجاورة لنادي غولف Cerrado del Aguila، بإطلالات بانورامية.","ابتداءً من 390,000 €","Mijas، ميخاس","ابتداءً من,390,000 €","LEARN_MORE","https://nuevaliving.com/ar/property-cerrado-vista-residences.html?utm_source=meta&utm_medium=paid_social&utm_campaign=ar-mijas-fuengirola&utm_content=cerrado-vista-residences"
"cerrado-vista-residences","nl","Een collectie van 71 appartementen en penthouses op een heuveltop in Mijas, direct naast Cerrado del Aguila Golf Club, met panoramisch uitzicht.","Vanaf € 390.000","Mijas, Mijas","Vanaf,€ 390.000","LEARN_MORE","https://nuevaliving.com/nl/property-cerrado-vista-residences.html?utm_source=meta&utm_medium=paid_social&utm_campaign=nl-mijas-fuengirola&utm_content=cerrado-vista-residences"
"cerrado-vista-residences","pl","Kolekcja 71 apartamentów i penthouse'ów na wzniesieniu w Mijas, tuż przy klubie golfowym Cerrado del Aguila Golf Club, z panoramicznym widokiem.","Od 390 000 €","Mijas, Mijas","Od,390 000 €","LEARN_MORE","https://nuevaliving.com/pl/property-cerrado-vista-residences.html?utm_source=meta&utm_medium=paid_social&utm_campaign=pl-mijas-fuengirola&utm_content=cerrado-vista-residences"
"cerrado-vista-residences","no","En samling på 71 leiligheter og penthouse-leiligheter på en høyde i Mijas, rett ved siden av Cerrado del Aguila Golf Club, med panoramautsikt.","Fra 390 000 €","Mijas, Mijas","Fra,390 000 €","LEARN_MORE","https://nuevaliving.com/no/property-cerrado-vista-residences.html?utm_source=meta&utm_medium=paid_social&utm_campaign=no-mijas-fuengirola&utm_content=cerrado-vista-residences"
"cerrado-vista-residences","sv","En samling om 71 lägenheter och takvåningar på en topp i Mijas, alldeles intill Cerrado del Aguila Golf Club, med panoramautsikt.","Från 390 000 €","Mijas, Mijas","Från,390 000 €","LEARN_MORE","https://nuevaliving.com/sv/property-cerrado-vista-residences.html?utm_source=meta&utm_medium=paid_social&utm_campaign=sv-mijas-fuengirola&utm_content=cerrado-vista-residences"
"cielo-alto-residences","en","A collection of 17 duplex Sky Villas on an elevated plot in Benahavis, with private lift access and a shared clubhouse.","From EUR 2,400,000","Benahavis, Benahavis","From,EUR 2,400,000","LEARN_MORE","https://nuevaliving.com/property-cielo-alto-residences.html?utm_source=meta&utm_medium=paid_social&utm_campaign=en-benahavis&utm_content=cielo-alto-residences"
"cielo-alto-residences","es","Una colección de 17 Sky Villas dúplex en una parcela elevada de Benahavís, con ascensor privado y clubhouse compartido.","Desde 2.400.000 €","Benahavis, Benahavís","Desde,2.400.000 €","LEARN_MORE","https://nuevaliving.com/es/property-cielo-alto-residences.html?utm_source=meta&utm_medium=paid_social&utm_campaign=es-benahavis&utm_content=cielo-alto-residences"
"cielo-alto-residences","fr","Une collection de 17 Sky Villas duplex sur une parcelle en hauteur à Benahavis, avec ascenseur privé et clubhouse partage.","À partir de 2 400 000 €","Benahavis, Benahavis","À partir de,2 400 000 €","LEARN_MORE","https://nuevaliving.com/fr/property-cielo-alto-residences.html?utm_source=meta&utm_medium=paid_social&utm_campaign=fr-benahavis&utm_content=cielo-alto-residences"
"cielo-alto-residences","de","Eine Sammlung von 17 Duplex-Sky-Villas auf einem erhöhten Grundstück in Benahavis, mit privatem Aufzug und gemeinsamem Clubhaus.","Ab 2.400.000 €","Benahavis, Benahavis","Ab,2.400.000 €","LEARN_MORE","https://nuevaliving.com/de/property-cielo-alto-residences.html?utm_source=meta&utm_medium=paid_social&utm_campaign=de-benahavis&utm_content=cielo-alto-residences"
"cielo-alto-residences","ru","Коллекция из 17 двухуровневых вилл Sky Villas на возвышенном участке в Бенаавис, с частным лифтом и общим клубным домом.","От 2 400 000 €","Benahavis, Бенаавис","От,2 400 000 €","LEARN_MORE","https://nuevaliving.com/ru/property-cielo-alto-residences.html?utm_source=meta&utm_medium=paid_social&utm_campaign=ru-benahavis&utm_content=cielo-alto-residences"
"cielo-alto-residences","ar","مجموعة من 17 فيلا دوبلكس من طراز Sky Villa على قطعة أرض مرتفعة في بيناهافيس، بمصعد خاص ونادٍ مشترك.","ابتداءً من 2,400,000 €","Benahavis، بيناهافيس","ابتداءً من,2,400,000 €","LEARN_MORE","https://nuevaliving.com/ar/property-cielo-alto-residences.html?utm_source=meta&utm_medium=paid_social&utm_campaign=ar-benahavis&utm_content=cielo-alto-residences"
"cielo-alto-residences","nl","Een collectie van 17 duplex Sky Villa's op een verhoogd perceel in Benahavís, met privélift en gedeeld clubhouse.","Vanaf € 2.400.000","Benahavis, Benahavís","Vanaf,€ 2.400.000","LEARN_MORE","https://nuevaliving.com/nl/property-cielo-alto-residences.html?utm_source=meta&utm_medium=paid_social&utm_campaign=nl-benahavis&utm_content=cielo-alto-residences"
"cielo-alto-residences","pl","Kolekcja 17 dwupoziomowych rezydencji Sky Villa na wzniesionej działce w Benahavís, z prywatną windą i wspólnym klubem.","Od 2 400 000 €","Benahavis, Benahavís","Od,2 400 000 €","LEARN_MORE","https://nuevaliving.com/pl/property-cielo-alto-residences.html?utm_source=meta&utm_medium=paid_social&utm_campaign=pl-benahavis&utm_content=cielo-alto-residences"
"cielo-alto-residences","no","En samling av 17 to-etasjes Sky Villas på en høytliggende tomt i Benahavís, med privat heis og felles klubbhus.","Fra 2 400 000 €","Benahavis, Benahavís","Fra,2 400 000 €","LEARN_MORE","https://nuevaliving.com/no/property-cielo-alto-residences.html?utm_source=meta&utm_medium=paid_social&utm_campaign=no-benahavis&utm_content=cielo-alto-residences"
"cielo-alto-residences","sv","En samling av 17 duplex Sky Villas på en upphöjd tomt i Benahavís, med privat hiss och gemensamt klubbhus.","Från 2 400 000 €","Benahavis, Benahavís","Från,2 400 000 €","LEARN_MORE","https://nuevaliving.com/sv/property-cielo-alto-residences.html?utm_source=meta&utm_medium=paid_social&utm_campaign=sv-benahavis&utm_content=cielo-alto-residences"
"cortijo-blanco-villa-collection","en","Seven gated villas walking distance from the beach in Cortijo Blanco, each with four en-suite bedrooms, a private pool and an optional rooftop solarium.","From €3,990,000 + VAT","Cortijo Blanco, Cortijo Blanco","From,€3,990,000 + VAT","LEARN_MORE","https://nuevaliving.com/property-cortijo-blanco-villa-collection.html?utm_source=meta&utm_medium=paid_social&utm_campaign=en-san-pedro-alcantara&utm_content=cortijo-blanco-villa-collection"
"cortijo-blanco-villa-collection","es","Siete villas en un enclave privado a poca distancia a pie de la playa, en Cortijo Blanco, cada una con cuatro dormitorios en suite, piscina privada y solárium opcional en la azotea.","Desde 3.990.000 € + IVA","Cortijo Blanco, Cortijo Blanco","Desde,3.990.000 € + IVA","LEARN_MORE","https://nuevaliving.com/es/property-cortijo-blanco-villa-collection.html?utm_source=meta&utm_medium=paid_social&utm_campaign=es-san-pedro-alcantara&utm_content=cortijo-blanco-villa-collection"
"cortijo-blanco-villa-collection","fr","Sept villas dans un enclos privé à quelques minutes à pied de la plage, à Cortijo Blanco, chacune avec quatre chambres en suite, une piscine privée et un solarium en toiture en option.","À partir de 3 990 000 € + TVA","Cortijo Blanco, Cortijo Blanco","À partir de,3 990 000 € + TVA","LEARN_MORE","https://nuevaliving.com/fr/property-cortijo-blanco-villa-collection.html?utm_source=meta&utm_medium=paid_social&utm_campaign=fr-san-pedro-alcantara&utm_content=cortijo-blanco-villa-collection"
"cortijo-blanco-villa-collection","de","Sieben Villen in einer geschlossenen Enklave in Cortijo Blanco, zu Fuß vom Strand, jede mit vier En-suite-Schlafzimmern, privatem Pool und optionalem Dachsolarium.","Ab 3.990.000 € zzgl. MwSt.","Cortijo Blanco, Cortijo Blanco","Ab,3.990.000 € zzgl. MwSt.","LEARN_MORE","https://nuevaliving.com/de/property-cortijo-blanco-villa-collection.html?utm_source=meta&utm_medium=paid_social&utm_campaign=de-san-pedro-alcantara&utm_content=cortijo-blanco-villa-collection"
"cortijo-blanco-villa-collection","ru","Семь вилл в закрытом анклаве Cortijo Blanco, в пешей доступности от пляжа, каждая с четырьмя спальнями с ванными комнатами, частным бассейном и солярием на крыше на выбор.","От 3 990 000 € + НДС","Cortijo Blanco, Cortijo Blanco","От,3 990 000 € + НДС","LEARN_MORE","https://nuevaliving.com/ru/property-cortijo-blanco-villa-collection.html?utm_source=meta&utm_medium=paid_social&utm_campaign=ru-san-pedro-alcantara&utm_content=cortijo-blanco-villa-collection"
"cortijo-blanco-villa-collection","ar","سبع فلل في مجمّع مغلق على مسافة قصيرة سيرًا من الشاطئ في Cortijo Blanco، لكل منها أربع غرف نوم بحمامات داخلية ومسبح خاص وسطح شمسي اختياري.","ابتداءً من 3,990,000 € + ضريبة","Cortijo Blanco، Cortijo Blanco","ابتداءً من,3,990,000 € + ضريبة","LEARN_MORE","https://nuevaliving.com/ar/property-cortijo-blanco-villa-collection.html?utm_source=meta&utm_medium=paid_social&utm_campaign=ar-san-pedro-alcantara&utm_content=cortijo-blanco-villa-collection"
"cortijo-blanco-villa-collection","nl","Zeven omheinde villa's op loopafstand van het strand in Cortijo Blanco, elk met vier en-suite slaapkamers, een privézwembad en optioneel een solarium op het dak.","Vanaf € 3.990.000 + btw","Cortijo Blanco, Cortijo Blanco","Vanaf,€ 3.990.000 + btw","LEARN_MORE","https://nuevaliving.com/nl/property-cortijo-blanco-villa-collection.html?utm_source=meta&utm_medium=paid_social&utm_campaign=nl-san-pedro-alcantara&utm_content=cortijo-blanco-villa-collection"
"cortijo-blanco-villa-collection","pl","Siedem willi za bramą w odległości spaceru od plaży w Cortijo Blanco, każda z czterema sypialniami z łazienką, prywatnym basenem i opcjonalnym solarium na dachu.","Od 3 990 000 € + VAT","Cortijo Blanco, Cortijo Blanco","Od,3 990 000 € + VAT","LEARN_MORE","https://nuevaliving.com/pl/property-cortijo-blanco-villa-collection.html?utm_source=meta&utm_medium=paid_social&utm_campaign=pl-san-pedro-alcantara&utm_content=cortijo-blanco-villa-collection"
"cortijo-blanco-villa-collection","no","Sju inngjerdede villaer på gangavstand fra stranden i Cortijo Blanco, hver med fire soverom med eget bad, privat basseng og valgfritt solarium på taket.","Fra 3 990 000 € + mva","Cortijo Blanco, Cortijo Blanco","Fra,3 990 000 € + mva","LEARN_MORE","https://nuevaliving.com/no/property-cortijo-blanco-villa-collection.html?utm_source=meta&utm_medium=paid_social&utm_campaign=no-san-pedro-alcantara&utm_content=cortijo-blanco-villa-collection"
"cortijo-blanco-villa-collection","sv","Sju inhägnade villor på gångavstånd från stranden i Cortijo Blanco, var och en med fyra sovrum med eget badrum, privat pool och valfritt solarium på taket.","Från 3 990 000 € + moms","Cortijo Blanco, Cortijo Blanco","Från,3 990 000 € + moms","LEARN_MORE","https://nuevaliving.com/sv/property-cortijo-blanco-villa-collection.html?utm_source=meta&utm_medium=paid_social&utm_campaign=sv-san-pedro-alcantara&utm_content=cortijo-blanco-villa-collection"
"el-campanario-golf-villa","en","A four-bedroom detached villa on the golf front line at El Campanario, with a private pool, media room and rooftop solarium.","From EUR 2,350,000 + VAT","Estepona, El Campanario","From,EUR 2,350,000","LEARN_MORE","https://nuevaliving.com/property-el-campanario-golf-villa.html?utm_source=meta&utm_medium=paid_social&utm_campaign=en-estepona&utm_content=el-campanario-golf-villa"
"el-campanario-golf-villa","es","Villa independiente de cuatro dormitorios en primera línea de golf en El Campanario, con piscina privada, sala multimedia y solárium en la azotea.","Desde 2.350.000 € + IVA","Estepona, El Campanario","Desde,2.350.000 €","LEARN_MORE","https://nuevaliving.com/es/property-el-campanario-golf-villa.html?utm_source=meta&utm_medium=paid_social&utm_campaign=es-estepona&utm_content=el-campanario-golf-villa"
"el-campanario-golf-villa","fr","Villa individuelle de quatre chambres en première ligne de golf à El Campanario, avec piscine privée, salle multimédia et solarium en toiture.","À partir de 2 350 000 € + TVA","Estepona, El Campanario","À partir de,2 350 000 €","LEARN_MORE","https://nuevaliving.com/fr/property-el-campanario-golf-villa.html?utm_source=meta&utm_medium=paid_social&utm_campaign=fr-estepona&utm_content=el-campanario-golf-villa"
"el-campanario-golf-villa","de","Freistehende Villa mit vier Schlafzimmern in erster Golfreihe in El Campanario, mit privatem Pool, Medienraum und Dachsolarium.","Ab 2.350.000 € + MwSt.","Estepona, El Campanario","Ab,2.350.000 €","LEARN_MORE","https://nuevaliving.com/de/property-el-campanario-golf-villa.html?utm_source=meta&utm_medium=paid_social&utm_campaign=de-estepona&utm_content=el-campanario-golf-villa"
"el-campanario-golf-villa","ru","Отдельно стоящая вилла с четырьмя спальнями на первой линии гольфа в Эль-Кампанарио, с собственным бассейном, медиазалом и солярием на крыше.","От 2 350 000 € + НДС","Estepona, El Campanario","От,2 350 000 €","LEARN_MORE","https://nuevaliving.com/ru/property-el-campanario-golf-villa.html?utm_source=meta&utm_medium=paid_social&utm_campaign=ru-estepona&utm_content=el-campanario-golf-villa"
"el-campanario-golf-villa","ar","فيلا منفصلة بأربع غرف نوم على الخط الأول لملعب الغولف في El Campanario، مع مسبح خاص وقاعة وسائط وسولاريوم على السطح.","من 2,350,000 € + ضريبة القيمة المضافة","Estepona، El Campanario","من,2,350,000 €","LEARN_MORE","https://nuevaliving.com/ar/property-el-campanario-golf-villa.html?utm_source=meta&utm_medium=paid_social&utm_campaign=ar-estepona&utm_content=el-campanario-golf-villa"
"el-campanario-golf-villa","nl","Vrijstaande villa met vier slaapkamers aan de golfbaan in El Campanario, met privézwembad, mediakamer en solarium op het dak.","Vanaf € 2.350.000 + btw","Estepona, El Campanario","Vanaf,€ 2.350.000","LEARN_MORE","https://nuevaliving.com/nl/property-el-campanario-golf-villa.html?utm_source=meta&utm_medium=paid_social&utm_campaign=nl-estepona&utm_content=el-campanario-golf-villa"
"el-campanario-golf-villa","pl","Wolnostojąca willa z czterema sypialniami przy pierwszej linii pola golfowego w El Campanario, z prywatnym basenem, pokojem multimedialnym i solarium na dachu.","Od 2 350 000 € + VAT","Estepona, El Campanario","Od,2 350 000 €","LEARN_MORE","https://nuevaliving.com/pl/property-el-campanario-golf-villa.html?utm_source=meta&utm_medium=paid_social&utm_campaign=pl-estepona&utm_content=el-campanario-golf-villa"
"el-campanario-golf-villa","no","Frittstående villa med fire soverom i første rekke til golfbanen i El Campanario, med privat basseng, mediarom og solarium på taket.","Fra 2 350 000 € + mva","Estepona, El Campanario","Fra,2 350 000 €","LEARN_MORE","https://nuevaliving.com/no/property-el-campanario-golf-villa.html?utm_source=meta&utm_medium=paid_social&utm_campaign=no-estepona&utm_content=el-campanario-golf-villa"
"el-campanario-golf-villa","sv","Fristående villa med fyra sovrum i första linjen mot golfbanan i El Campanario, med privat pool, mediarum och solarium på taket.","Från 2 350 000 € + moms","Estepona, El Campanario","Från,2 350 000 €","LEARN_MORE","https://nuevaliving.com/sv/property-el-campanario-golf-villa.html?utm_source=meta&utm_medium=paid_social&utm_campaign=sv-estepona&utm_content=el-campanario-golf-villa"
"elviria-hills-residences","en","88 apartments, penthouses and garden villas in an elevated pocket of Elviria West, with spa, gym and coworking amenities.","From €690,000",", Elviria West","From,€690,000","LEARN_MORE","https://nuevaliving.com/property-elviria-hills-residences.html?utm_source=meta&utm_medium=paid_social&utm_campaign=en-marbella&utm_content=elviria-hills-residences"
"elviria-hills-residences","es","88 apartamentos, áticos y villas con jardín en una zona elevada de Elviria West, con spa, gimnasio e instalaciones de coworking.","Desde 690.000 €",", Elviria West","From,€690,000","LEARN_MORE","https://nuevaliving.com/es/property-elviria-hills-residences.html?utm_source=meta&utm_medium=paid_social&utm_campaign=es-marbella&utm_content=elviria-hills-residences"
"elviria-hills-residences","fr","88 appartements, penthouses et villas avec jardin dans un secteur en hauteur d'Elviria West, avec spa, salle de sport et espace de coworking.","À partir de 690 000 €",", Elviria West","From,€690,000","LEARN_MORE","https://nuevaliving.com/fr/property-elviria-hills-residences.html?utm_source=meta&utm_medium=paid_social&utm_campaign=fr-marbella&utm_content=elviria-hills-residences"
"elviria-hills-residences","de","88 Wohnungen, Penthäuser und Gartenvillen in einer erhöhten Lage von Elviria West, mit Spa, Fitnessstudio und Coworking-Bereich.","Ab 690.000 €",", Elviria West","From,€690,000","LEARN_MORE","https://nuevaliving.com/de/property-elviria-hills-residences.html?utm_source=meta&utm_medium=paid_social&utm_campaign=de-marbella&utm_content=elviria-hills-residences"
"elviria-hills-residences","ru","88 апартаментов, пентхаусов и вилл с садом на возвышенности в Эльвирия-Уэст, со спа, тренажёрным залом и коворкингом.","От 690 000 €",", Западная Эльвирия","From,€690,000","LEARN_MORE","https://nuevaliving.com/ru/property-elviria-hills-residences.html?utm_source=meta&utm_medium=paid_social&utm_campaign=ru-marbella&utm_content=elviria-hills-residences"
"elviria-hills-residences","ar","88 شقة وبنتهاوس وفيلا بحديقة في منطقة مرتفعة من إلفيريا الغربية، مع سبا وصالة رياضية ومساحة عمل مشتركة.","ابتداءً من 690,000 €","، إلفيريا وست","From,€690,000","LEARN_MORE","https://nuevaliving.com/ar/property-elviria-hills-residences.html?utm_source=meta&utm_medium=paid_social&utm_campaign=ar-marbella&utm_content=elviria-hills-residences"
"elviria-hills-residences","nl","88 appartementen, penthouses en tuinvilla's in een verhoogd deel van Elviria West, met spa, fitnessruimte en coworkingvoorzieningen.","Vanaf € 690.000",", Elviria West","From,€690,000","LEARN_MORE","https://nuevaliving.com/nl/property-elviria-hills-residences.html?utm_source=meta&utm_medium=paid_social&utm_campaign=nl-marbella&utm_content=elviria-hills-residences"
"elviria-hills-residences","pl","88 apartamentów, penthouse'ów i willi z ogrodem w podniesionej części Elviria West, ze spa, siłownią i udogodnieniami coworkingowymi.","Od 690 000 €",", Elviria West","From,€690,000","LEARN_MORE","https://nuevaliving.com/pl/property-elviria-hills-residences.html?utm_source=meta&utm_medium=paid_social&utm_campaign=pl-marbella&utm_content=elviria-hills-residences"
"elviria-hills-residences","no","88 leiligheter, toppleiligheter og hageboliger i en høytliggende del av Elviria West, med spa, treningssenter og coworkingfasiliteter.","Fra 690 000 €",", Elviria West","From,€690,000","LEARN_MORE","https://nuevaliving.com/no/property-elviria-hills-residences.html?utm_source=meta&utm_medium=paid_social&utm_campaign=no-marbella&utm_content=elviria-hills-residences"
"elviria-hills-residences","sv","88 lägenheter, takvåningar och trädgårdsvillor i en högt belägen del av Elviria West, med spa, gym och coworkingfaciliteter.","Från 690 000 €",", Elviria West","From,€690,000","LEARN_MORE","https://nuevaliving.com/sv/property-elviria-hills-residences.html?utm_source=meta&utm_medium=paid_social&utm_campaign=sv-marbella&utm_content=elviria-hills-residences"
"elviria-woodland-residences","en","A collection of 21 apartments across seven buildings in a private Mediterranean forest in Elviria, each with its own private pool.","From EUR 870,000","Elviria, Elviria","From,EUR 870,000","LEARN_MORE","https://nuevaliving.com/property-elviria-woodland-residences.html?utm_source=meta&utm_medium=paid_social&utm_campaign=en-marbella&utm_content=elviria-woodland-residences"
"elviria-woodland-residences","es","Una colección de 21 apartamentos en siete edificios dentro de un bosque mediterráneo privado en Elviria, cada uno con piscina propia.","Desde 870.000 €","Elviria, Elviria","Desde,870.000 €","LEARN_MORE","https://nuevaliving.com/es/property-elviria-woodland-residences.html?utm_source=meta&utm_medium=paid_social&utm_campaign=es-marbella&utm_content=elviria-woodland-residences"
"elviria-woodland-residences","fr","Une collection de 21 appartements dans sept bâtiments au sein d'une forêt méditerranéenne privée à Elviria, chacun avec sa propre piscine.","À partir de 870 000 €","Elviria, Elviria","À partir de,870 000 €","LEARN_MORE","https://nuevaliving.com/fr/property-elviria-woodland-residences.html?utm_source=meta&utm_medium=paid_social&utm_campaign=fr-marbella&utm_content=elviria-woodland-residences"
"elviria-woodland-residences","de","Eine Sammlung von 21 Wohnungen in sieben Gebäuden innerhalb eines privaten Mittelmeerwaldes in Elviria, jede mit eigenem Pool.","Ab 870.000 €","Elviria, Elviria","Ab,870.000 €","LEARN_MORE","https://nuevaliving.com/de/property-elviria-woodland-residences.html?utm_source=meta&utm_medium=paid_social&utm_campaign=de-marbella&utm_content=elviria-woodland-residences"
"elviria-woodland-residences","ru","Коллекция из 21 апартаментов в семи зданиях в частном средиземноморском лесу в Эльвирии, каждый с собственным бассейном.","От 870 000 €","Elviria, Эльвирия","От,870 000 €","LEARN_MORE","https://nuevaliving.com/ru/property-elviria-woodland-residences.html?utm_source=meta&utm_medium=paid_social&utm_campaign=ru-marbella&utm_content=elviria-woodland-residences"
"elviria-woodland-residences","ar","مجموعة من 21 شقة في سبعة مبانٍ داخل غابة متوسطية خاصة في إلفيريا، لكل منها مسبحها الخاص.","ابتداءً من 870,000 €","Elviria، إلفيريا","ابتداءً من,870,000 €","LEARN_MORE","https://nuevaliving.com/ar/property-elviria-woodland-residences.html?utm_source=meta&utm_medium=paid_social&utm_campaign=ar-marbella&utm_content=elviria-woodland-residences"
"elviria-woodland-residences","nl","Een collectie van 21 appartementen in zeven gebouwen in een privé mediterraan bos in Elviria, elk met een eigen privézwembad.","Vanaf € 870.000","Elviria, Elviria","Vanaf,€ 870.000","LEARN_MORE","https://nuevaliving.com/nl/property-elviria-woodland-residences.html?utm_source=meta&utm_medium=paid_social&utm_campaign=nl-marbella&utm_content=elviria-woodland-residences"
"elviria-woodland-residences","pl","Kolekcja 21 apartamentów w siedmiu budynkach w prywatnym lesie śródziemnomorskim w Elviria, każdy z własnym basenem.","Od 870 000 €","Elviria, Elviria","Od,870 000 €","LEARN_MORE","https://nuevaliving.com/pl/property-elviria-woodland-residences.html?utm_source=meta&utm_medium=paid_social&utm_campaign=pl-marbella&utm_content=elviria-woodland-residences"
"elviria-woodland-residences","no","En samling på 21 leiligheter i sju bygg i en privat middelhavsskog i Elviria, hver med sitt eget private basseng.","Fra 870 000 €","Elviria, Elviria","Fra,870 000 €","LEARN_MORE","https://nuevaliving.com/no/property-elviria-woodland-residences.html?utm_source=meta&utm_medium=paid_social&utm_campaign=no-marbella&utm_content=elviria-woodland-residences"
"elviria-woodland-residences","sv","En samling om 21 lägenheter i sju hus i en privat medelhavsskog i Elviria, var och en med egen privat pool.","Från 870 000 €","Elviria, Elviria","Från,870 000 €","LEARN_MORE","https://nuevaliving.com/sv/property-elviria-woodland-residences.html?utm_source=meta&utm_medium=paid_social&utm_campaign=sv-marbella&utm_content=elviria-woodland-residences"
"fairway-grove-villas","en","A collection of 14 detached villas at El Campanario, on the New Golden Mile, with golf and country club membership included.","From EUR 1,950,000","Estepona, El Campanario","From,EUR 1,950,000","LEARN_MORE","https://nuevaliving.com/property-fairway-grove-villas.html?utm_source=meta&utm_medium=paid_social&utm_campaign=en-estepona&utm_content=fairway-grove-villas"
"fairway-grove-villas","es","Una colección de 14 villas independientes en El Campanario, en la New Golden Mile, con membresía de golf y club de campo incluida.","Desde 1.950.000 €","Estepona, El Campanario","Desde,1.950.000 €","LEARN_MORE","https://nuevaliving.com/es/property-fairway-grove-villas.html?utm_source=meta&utm_medium=paid_social&utm_campaign=es-estepona&utm_content=fairway-grove-villas"
"fairway-grove-villas","fr","Une collection de 14 villas indépendantes à El Campanario, sur la New Golden Mile, avec adhésion golf et country club incluse.","À partir de 1 950 000 €","Estepona, El Campanario","À partir de,1 950 000 €","LEARN_MORE","https://nuevaliving.com/fr/property-fairway-grove-villas.html?utm_source=meta&utm_medium=paid_social&utm_campaign=fr-estepona&utm_content=fairway-grove-villas"
"fairway-grove-villas","de","Eine Kollektion von 14 freistehenden Villen in El Campanario, an der New Golden Mile, inklusive Golf- und Country-Club-Mitgliedschaft.","Ab 1.950.000 €","Estepona, El Campanario","Ab,1.950.000 €","LEARN_MORE","https://nuevaliving.com/de/property-fairway-grove-villas.html?utm_source=meta&utm_medium=paid_social&utm_campaign=de-estepona&utm_content=fairway-grove-villas"
"fairway-grove-villas","ru","Коллекция из 14 отдельных вилл в Эль-Кампанарио, на Нью Голден Майл, с включённым членством в гольф- и кантри-клубе.","От 1 950 000 €","Estepona, Эль-Кампанарио","От,1 950 000 €","LEARN_MORE","https://nuevaliving.com/ru/property-fairway-grove-villas.html?utm_source=meta&utm_medium=paid_social&utm_campaign=ru-estepona&utm_content=fairway-grove-villas"
"fairway-grove-villas","ar","مجموعة من 14 فيلا مستقلة في إل كامبانوريو، على نيو غولدن مايل، مع عضوية غولف ونادي ريفي مشمولة.","ابتداءً من 1,950,000 €","Estepona، إل كامبانوريو","ابتداءً من,1,950,000 €","LEARN_MORE","https://nuevaliving.com/ar/property-fairway-grove-villas.html?utm_source=meta&utm_medium=paid_social&utm_campaign=ar-estepona&utm_content=fairway-grove-villas"
"fairway-grove-villas","nl","Een collectie van 14 vrijstaande villa's in El Campanario, aan de New Golden Mile, inclusief lidmaatschap van de golf- en countryclub.","Vanaf € 1.950.000","Estepona, El Campanario","Vanaf,€ 1.950.000","LEARN_MORE","https://nuevaliving.com/nl/property-fairway-grove-villas.html?utm_source=meta&utm_medium=paid_social&utm_campaign=nl-estepona&utm_content=fairway-grove-villas"
"fairway-grove-villas","pl","Kolekcja 14 wolnostojących willi w El Campanario, na New Golden Mile, z wliczonym członkostwem w klubie golfowym i country clubie.","Od 1 950 000 €","Estepona, El Campanario","Od,1 950 000 €","LEARN_MORE","https://nuevaliving.com/pl/property-fairway-grove-villas.html?utm_source=meta&utm_medium=paid_social&utm_campaign=pl-estepona&utm_content=fairway-grove-villas"
"fairway-grove-villas","no","En samling på 14 frittstående villaer i El Campanario, ved New Golden Mile, med medlemskap i golf- og country-klubben inkludert.","Fra 1 950 000 €","Estepona, El Campanario","Fra,1 950 000 €","LEARN_MORE","https://nuevaliving.com/no/property-fairway-grove-villas.html?utm_source=meta&utm_medium=paid_social&utm_campaign=no-estepona&utm_content=fairway-grove-villas"
"fairway-grove-villas","sv","En samling om 14 fristående villor i El Campanario, vid New Golden Mile, med medlemskap i golf- och countryklubben ingående.","Från 1 950 000 €","Estepona, El Campanario","Från,1 950 000 €","LEARN_MORE","https://nuevaliving.com/sv/property-fairway-grove-villas.html?utm_source=meta&utm_medium=paid_social&utm_campaign=sv-estepona&utm_content=fairway-grove-villas"
"golden-mile-duplex-residences","en","A boutique collection of just 8 duplex residences on Marbella's Golden Mile, furnished by a world-renowned luxury design house.","From €4,500,000",", Golden Mile","From,€4,500,000","LEARN_MORE","https://nuevaliving.com/property-golden-mile-duplex-residences.html?utm_source=meta&utm_medium=paid_social&utm_campaign=en-marbella&utm_content=golden-mile-duplex-residences"
"golden-mile-duplex-residences","es","Una colección exclusiva de solo 8 residencias dúplex en la Milla de Oro de Marbella, amuebladas por una firma de diseño de lujo de renombre mundial.","Desde 4.500.000 €",", Milla de Oro","From,€4,500,000","LEARN_MORE","https://nuevaliving.com/es/property-golden-mile-duplex-residences.html?utm_source=meta&utm_medium=paid_social&utm_campaign=es-marbella&utm_content=golden-mile-duplex-residences"
"golden-mile-duplex-residences","fr","Une collection confidentielle de seulement 8 résidences duplex sur la Golden Mile de Marbella, meublées par une maison de design de luxe de renommée mondiale.","À partir de 4 500 000 €",", Golden Mile","From,€4,500,000","LEARN_MORE","https://nuevaliving.com/fr/property-golden-mile-duplex-residences.html?utm_source=meta&utm_medium=paid_social&utm_campaign=fr-marbella&utm_content=golden-mile-duplex-residences"
"golden-mile-duplex-residences","de","Eine exklusive Kollektion von nur 8 Duplex-Residenzen an der Golden Mile von Marbella, eingerichtet von einem weltbekannten Luxus-Designhaus.","Ab 4.500.000 €",", Golden Mile","From,€4,500,000","LEARN_MORE","https://nuevaliving.com/de/property-golden-mile-duplex-residences.html?utm_source=meta&utm_medium=paid_social&utm_campaign=de-marbella&utm_content=golden-mile-duplex-residences"
"golden-mile-duplex-residences","ru","Эксклюзивная коллекция всего из 8 дуплекс-резиденций на Золотой миле Марбельи, обставленных всемирно известным домом дизайна класса люкс.","От 4 500 000 €",", Золотая миля","From,€4,500,000","LEARN_MORE","https://nuevaliving.com/ru/property-golden-mile-duplex-residences.html?utm_source=meta&utm_medium=paid_social&utm_campaign=ru-marbella&utm_content=golden-mile-duplex-residences"
"golden-mile-duplex-residences","ar","مجموعة بوتيكية من 8 وحدات دوبلكس فقط على الميلة الذهبية في ماربيا، مؤثثة من قبل دار تصميم فاخرة عالمية الشهرة.","بدءًا من 4,500,000 €","، الميل الذهبي","From,€4,500,000","LEARN_MORE","https://nuevaliving.com/ar/property-golden-mile-duplex-residences.html?utm_source=meta&utm_medium=paid_social&utm_campaign=ar-marbella&utm_content=golden-mile-duplex-residences"
"golden-mile-duplex-residences","nl","Een exclusieve collectie van slechts 8 duplexwoningen aan Marbella's Golden Mile, ingericht door een wereldberoemd luxe designhuis.","Vanaf € 4.500.000",", Golden Mile","From,€4,500,000","LEARN_MORE","https://nuevaliving.com/nl/property-golden-mile-duplex-residences.html?utm_source=meta&utm_medium=paid_social&utm_campaign=nl-marbella&utm_content=golden-mile-duplex-residences"
"golden-mile-duplex-residences","pl","Butikowa kolekcja zaledwie 8 rezydencji dupleksowych na Złotej Mili w Marbelli, urządzonych przez światowej sławy dom projektowy klasy premium.","Od 4 500 000 €",", Złota Mila","From,€4,500,000","LEARN_MORE","https://nuevaliving.com/pl/property-golden-mile-duplex-residences.html?utm_source=meta&utm_medium=paid_social&utm_campaign=pl-marbella&utm_content=golden-mile-duplex-residences"
"golden-mile-duplex-residences","no","En butikksamling på bare 8 duplex-residenser på Marbellas Golden Mile, innredet av et verdenskjent luksusdesignhus.","Fra 4 500 000 €",", Golden Mile","From,€4,500,000","LEARN_MORE","https://nuevaliving.com/no/property-golden-mile-duplex-residences.html?utm_source=meta&utm_medium=paid_social&utm_campaign=no-marbella&utm_content=golden-mile-duplex-residences"
"golden-mile-duplex-residences","sv","En butikssamling om endast 8 duplexbostäder på Marbellas Golden Mile, inredda av ett världsberömt lyxdesignhus.","Från 4 500 000 €",", Golden Mile","From,€4,500,000","LEARN_MORE","https://nuevaliving.com/sv/property-golden-mile-duplex-residences.html?utm_source=meta&utm_medium=paid_social&utm_campaign=sv-marbella&utm_content=golden-mile-duplex-residences"
"golf-valley-flex-residences","en","43 villas and apartments in Nueva Andalucía's Golf Valley, with a flexible own-and-let model and resort-style amenities.","From €450,000",", Nueva Andalucía","From,€450,000","LEARN_MORE","https://nuevaliving.com/property-golf-valley-flex-residences.html?utm_source=meta&utm_medium=paid_social&utm_campaign=en-nueva-andalucia&utm_content=golf-valley-flex-residences"
"golf-valley-flex-residences","es","43 villas y apartamentos en el Valle del Golf de Nueva Andalucía, con un modelo flexible de uso propio y alquiler, e instalaciones tipo resort.","Desde 450.000 €",", Nueva Andalucía","From,€450,000","LEARN_MORE","https://nuevaliving.com/es/property-golf-valley-flex-residences.html?utm_source=meta&utm_medium=paid_social&utm_campaign=es-nueva-andalucia&utm_content=golf-valley-flex-residences"
"golf-valley-flex-residences","fr","43 villas et appartements dans le Golf Valley de Nueva Andalucía, avec un modèle flexible d'usage personnel et de location, et des équipements de type resort.","À partir de 450 000 €",", Nueva Andalucía","From,€450,000","LEARN_MORE","https://nuevaliving.com/fr/property-golf-valley-flex-residences.html?utm_source=meta&utm_medium=paid_social&utm_campaign=fr-nueva-andalucia&utm_content=golf-valley-flex-residences"
"golf-valley-flex-residences","de","43 Villen und Apartments im Golf Valley von Nueva Andalucía, mit flexiblem Eigennutzungs- und Vermietungsmodell sowie resortähnlicher Ausstattung.","Ab 450.000 €",", Nueva Andalucía","From,€450,000","LEARN_MORE","https://nuevaliving.com/de/property-golf-valley-flex-residences.html?utm_source=meta&utm_medium=paid_social&utm_campaign=de-nueva-andalucia&utm_content=golf-valley-flex-residences"
"golf-valley-flex-residences","ru","43 виллы и апартамента в долине для гольфа Нуэва-Андалусии с гибкой моделью личного проживания и сдачи в аренду, а также курортной инфраструктурой.","От 450 000 €",", Нуэва-Андалусия","From,€450,000","LEARN_MORE","https://nuevaliving.com/ru/property-golf-valley-flex-residences.html?utm_source=meta&utm_medium=paid_social&utm_campaign=ru-nueva-andalucia&utm_content=golf-valley-flex-residences"
"golf-valley-flex-residences","ar","43 فيلا وشقة في وادي غولف نويفا أندلوثيا، مع نموذج مرن للسكن الشخصي والتأجير ومرافق على طراز المنتجعات.","بأسعار تبدأ من 450,000 €","، نويفا أندالوثيا","From,€450,000","LEARN_MORE","https://nuevaliving.com/ar/property-golf-valley-flex-residences.html?utm_source=meta&utm_medium=paid_social&utm_campaign=ar-nueva-andalucia&utm_content=golf-valley-flex-residences"
"golf-valley-flex-residences","nl","43 villa's en appartementen in het Golf Valley van Nueva Andalucía, met een flexibel bewonings- en verhuurmodel en resortvoorzieningen.","Vanaf € 450.000",", Nueva Andalucía","From,€450,000","LEARN_MORE","https://nuevaliving.com/nl/property-golf-valley-flex-residences.html?utm_source=meta&utm_medium=paid_social&utm_campaign=nl-nueva-andalucia&utm_content=golf-valley-flex-residences"
"golf-valley-flex-residences","pl","43 wille i apartamenty w Golf Valley w Nueva Andalucía, z elastycznym modelem własności i najmu oraz udogodnieniami w stylu resortu.","Od 450 000 €",", Nueva Andalucía","From,€450,000","LEARN_MORE","https://nuevaliving.com/pl/property-golf-valley-flex-residences.html?utm_source=meta&utm_medium=paid_social&utm_campaign=pl-nueva-andalucia&utm_content=golf-valley-flex-residences"
"golf-valley-flex-residences","no","43 villaer og leiligheter i Golf Valley i Nueva Andalucía, med en fleksibel eie-og-lei-ut-modell og resortfasiliteter.","Fra 450 000 €",", Nueva Andalucía","From,€450,000","LEARN_MORE","https://nuevaliving.com/no/property-golf-valley-flex-residences.html?utm_source=meta&utm_medium=paid_social&utm_campaign=no-nueva-andalucia&utm_content=golf-valley-flex-residences"
"golf-valley-flex-residences","sv","43 villor och lägenheter i Nueva Andalucías Golf Valley, med en flexibel äga-och-hyra-modell och resortliknande bekvämligheter.","Från 450 000 €",", Nueva Andalucía","From,€450,000","LEARN_MORE","https://nuevaliving.com/sv/property-golf-valley-flex-residences.html?utm_source=meta&utm_medium=paid_social&utm_campaign=sv-nueva-andalucia&utm_content=golf-valley-flex-residences"
"guadalobon-beach-residences","en","A collection of 87 apartments and townhouses in Estepona, close to Guadalobon beach, with a communal pool and gardens.","From EUR 450,000","Estepona, Estepona","From,EUR 450,000","LEARN_MORE","https://nuevaliving.com/property-guadalobon-beach-residences.html?utm_source=meta&utm_medium=paid_social&utm_campaign=en-estepona&utm_content=guadalobon-beach-residences"
"guadalobon-beach-residences","es","Una colección de 87 apartamentos y adosadas en Estepona, cerca de la playa de Guadalobón, con piscina comunitaria y jardines.","Desde 450.000 €","Estepona, Estepona","Desde,Desde 450.000 €","LEARN_MORE","https://nuevaliving.com/es/property-guadalobon-beach-residences.html?utm_source=meta&utm_medium=paid_social&utm_campaign=es-estepona&utm_content=guadalobon-beach-residences"
"guadalobon-beach-residences","fr","Une collection de 87 appartements et maisons mitoyennes à Estepona, près de la plage de Guadalobon, avec piscine commune et jardins.","À partir de 450 000 €","Estepona, Estepona","Estepona","LEARN_MORE","https://nuevaliving.com/fr/property-guadalobon-beach-residences.html?utm_source=meta&utm_medium=paid_social&utm_campaign=fr-estepona&utm_content=guadalobon-beach-residences"
"guadalobon-beach-residences","de","Eine Sammlung von 87 Wohnungen und Reihenhäusern in Estepona, nahe dem Guadalobón-Strand, mit Gemeinschaftspool und Gärten.","Ab 450.000 €","Estepona, Estepona","Ab,Ab 450.000 €","LEARN_MORE","https://nuevaliving.com/de/property-guadalobon-beach-residences.html?utm_source=meta&utm_medium=paid_social&utm_campaign=de-estepona&utm_content=guadalobon-beach-residences"
"guadalobon-beach-residences","ru","Коллекция из 87 апартаментов и таунхаусов в Эстепоне, рядом с пляжем Гвадалобон, с общим бассейном и садами.","От 450 000 €","Estepona, Эстепона","От,От 450 000 €","LEARN_MORE","https://nuevaliving.com/ru/property-guadalobon-beach-residences.html?utm_source=meta&utm_medium=paid_social&utm_campaign=ru-estepona&utm_content=guadalobon-beach-residences"
"guadalobon-beach-residences","ar","مجموعة من 87 شقة وفيلا متلاصقة في إستيبونا، بالقرب من شاطئ غوادالوبون، مع مسبح مشترك وحدائق.","ابتداءً من 450,000 €","Estepona، إستيبونا","إستيبونا","LEARN_MORE","https://nuevaliving.com/ar/property-guadalobon-beach-residences.html?utm_source=meta&utm_medium=paid_social&utm_campaign=ar-estepona&utm_content=guadalobon-beach-residences"
"guadalobon-beach-residences","nl","Een collectie van 87 appartementen en herenhuizen in Estepona, dicht bij het strand van Guadalobón, met gemeenschappelijk zwembad en tuinen.","Vanaf € 450.000","Estepona, Estepona","Vanaf,Vanaf € 450.000","LEARN_MORE","https://nuevaliving.com/nl/property-guadalobon-beach-residences.html?utm_source=meta&utm_medium=paid_social&utm_campaign=nl-estepona&utm_content=guadalobon-beach-residences"
"guadalobon-beach-residences","pl","Kolekcja 87 apartamentów i domów szeregowych w Esteponie, blisko plaży Guadalobón, z basenem wspólnym i ogrodami.","Od 450 000 €","Estepona, Estepona","Od,Od 450 000 €","LEARN_MORE","https://nuevaliving.com/pl/property-guadalobon-beach-residences.html?utm_source=meta&utm_medium=paid_social&utm_campaign=pl-estepona&utm_content=guadalobon-beach-residences"
"guadalobon-beach-residences","no","En samling på 87 leiligheter og rekkehus i Estepona, nær Guadalobón-stranden, med felles basseng og hager.","Fra 450 000 €","Estepona, Estepona","Fra,Fra 450 000 €","LEARN_MORE","https://nuevaliving.com/no/property-guadalobon-beach-residences.html?utm_source=meta&utm_medium=paid_social&utm_campaign=no-estepona&utm_content=guadalobon-beach-residences"
"guadalobon-beach-residences","sv","En samling om 87 lägenheter och radhus i Estepona, nära Guadalobón-stranden, med gemensam pool och trädgårdar.","Från 450 000 €","Estepona, Estepona","Från,Från 450 000 €","LEARN_MORE","https://nuevaliving.com/sv/property-guadalobon-beach-residences.html?utm_source=meta&utm_medium=paid_social&utm_campaign=sv-estepona&utm_content=guadalobon-beach-residences"
"higueron-garden-villas","en","Eighteen of twenty-eight three-bedroom houses at El Higuerón, each with a private garden and room for its own pool, in a gated scheme with a saltwater pool, a gym and a co-working room.","From EUR 810,000","Townhouses, El Higuerón","3 bedrooms","LEARN_MORE","https://nuevaliving.com/property-higueron-garden-villas.html?utm_source=meta&utm_medium=paid_social&utm_campaign=en-mijas-fuengirola&utm_content=higueron-garden-villas"
"higueron-garden-villas","es","Dieciocho de veintiocho casas de tres dormitorios en El Higuerón, cada una con jardín privado y espacio para su propia piscina, en una promoción cerrada con piscina de cloración salina, gimnasio y sala de coworking.","Desde 810.000 €","Adosados, El Higuerón","3 dormitorios","LEARN_MORE","https://nuevaliving.com/es/property-higueron-garden-villas.html?utm_source=meta&utm_medium=paid_social&utm_campaign=es-mijas-fuengirola&utm_content=higueron-garden-villas"
"higueron-garden-villas","fr","Dix-huit maisons de trois chambres sur vingt-huit à El Higuerón, chacune avec jardin privatif et emplacement pour sa propre piscine, dans un programme fermé avec piscine au sel, salle de sport et espace de coworking.","À partir de 810 000 €","Maisons mitoyennes, El Higuerón","3 chambres","LEARN_MORE","https://nuevaliving.com/fr/property-higueron-garden-villas.html?utm_source=meta&utm_medium=paid_social&utm_campaign=fr-mijas-fuengirola&utm_content=higueron-garden-villas"
"higueron-garden-villas","de","Achtzehn von achtundzwanzig Häusern mit drei Schlafzimmern in El Higuerón, jedes mit privatem Garten und Platz für einen eigenen Pool, in einer geschlossenen Anlage mit Salzwasserpool, Fitnessraum und Coworking-Raum.","Ab 810.000 €","Reihenhäuser, El Higuerón","3 Schlafzimmer","LEARN_MORE","https://nuevaliving.com/de/property-higueron-garden-villas.html?utm_source=meta&utm_medium=paid_social&utm_campaign=de-mijas-fuengirola&utm_content=higueron-garden-villas"
"higueron-garden-villas","ru","Восемнадцать из двадцати восьми трёхспальных домов в Эль-Игероне: у каждого частный сад и место под собственный бассейн, в закрытом комплексе с бассейном на солёной воде, спортзалом и коворкингом.","От 810 000 €","Таунхаусы, Эль-Игерон","3 спальни","LEARN_MORE","https://nuevaliving.com/ru/property-higueron-garden-villas.html?utm_source=meta&utm_medium=paid_social&utm_campaign=ru-mijas-fuengirola&utm_content=higueron-garden-villas"
"higueron-garden-villas","ar","ثمانية عشر من أصل ثمانية وعشرين منزلاً بثلاث غرف نوم في إل إيغيرون، لكل منها حديقة خاصة ومساحة لمسبح خاص، في مجمّع مغلق فيه مسبح بكلورة ملحية وصالة رياضة وغرفة عمل مشترك.","ابتداءً من 810,000 €","فلل متلاصقة، إل إيغيرون","3 غرف نوم","LEARN_MORE","https://nuevaliving.com/ar/property-higueron-garden-villas.html?utm_source=meta&utm_medium=paid_social&utm_campaign=ar-mijas-fuengirola&utm_content=higueron-garden-villas"
"higueron-garden-villas","nl","Achttien van de achtentwintig woningen met drie slaapkamers in El Higuerón, elk met een eigen tuin en ruimte voor een eigen zwembad, in een besloten complex met een zoutwaterzwembad, een fitnessruimte en een coworkingruimte.","Vanaf € 810.000","Rijwoningen, El Higuerón","3 slaapkamers","LEARN_MORE","https://nuevaliving.com/nl/property-higueron-garden-villas.html?utm_source=meta&utm_medium=paid_social&utm_campaign=nl-mijas-fuengirola&utm_content=higueron-garden-villas"
"higueron-garden-villas","pl","Osiemnaście z dwudziestu ośmiu domów z trzema sypialniami w El Higuerón, każdy z prywatnym ogrodem i miejscem na własny basen, w zamkniętej inwestycji z basenem solankowym, siłownią i strefą coworkingu.","Od 810 000 €","Domy szeregowe, El Higuerón","3 sypialnie","LEARN_MORE","https://nuevaliving.com/pl/property-higueron-garden-villas.html?utm_source=meta&utm_medium=paid_social&utm_campaign=pl-mijas-fuengirola&utm_content=higueron-garden-villas"
"higueron-garden-villas","no","Atten av tjueåtte hus med tre soverom i El Higuerón, hvert med egen hage og plass til eget basseng, i et lukket anlegg med saltvannsbasseng, treningsrom og coworking-rom.","Fra 810 000 €","Rekkehus, El Higuerón","3 soverom","LEARN_MORE","https://nuevaliving.com/no/property-higueron-garden-villas.html?utm_source=meta&utm_medium=paid_social&utm_campaign=no-mijas-fuengirola&utm_content=higueron-garden-villas"
"higueron-garden-villas","sv","Arton av tjugoåtta hus med tre sovrum i El Higuerón, vart och ett med egen trädgård och plats för egen pool, i ett slutet område med saltvattenpool, gym och coworkingrum.","Från 810 000 €","Radhus, El Higuerón","3 sovrum","LEARN_MORE","https://nuevaliving.com/sv/property-higueron-garden-villas.html?utm_source=meta&utm_medium=paid_social&utm_campaign=sv-mijas-fuengirola&utm_content=higueron-garden-villas"
"higueron-rooftop-villas","en","Thirteen of thirty-six townhouses still available at El Higuerón, each with a private pool on its roof solarium and views over the Mediterranean.","From EUR 1,120,000","Townhouses, El Higuerón","3-4 bedrooms","LEARN_MORE","https://nuevaliving.com/property-higueron-rooftop-villas.html?utm_source=meta&utm_medium=paid_social&utm_campaign=en-mijas-fuengirola&utm_content=higueron-rooftop-villas"
"higueron-rooftop-villas","es","Trece de treinta y seis adosados todavía disponibles en El Higuerón, cada uno con piscina privada en el solárium y vistas al Mediterráneo.","Desde 1.120.000 €","Adosados, El Higuerón","3-4 dormitorios","LEARN_MORE","https://nuevaliving.com/es/property-higueron-rooftop-villas.html?utm_source=meta&utm_medium=paid_social&utm_campaign=es-mijas-fuengirola&utm_content=higueron-rooftop-villas"
"higueron-rooftop-villas","fr","Treize maisons de ville sur trente-six encore disponibles à El Higuerón, chacune avec piscine privative sur son solarium et vue sur la Méditerranée.","À partir de 1 120 000 €","Maisons mitoyennes, El Higuerón","3-4 chambres","LEARN_MORE","https://nuevaliving.com/fr/property-higueron-rooftop-villas.html?utm_source=meta&utm_medium=paid_social&utm_campaign=fr-mijas-fuengirola&utm_content=higueron-rooftop-villas"
"higueron-rooftop-villas","de","Dreizehn von sechsunddreißig Reihenhäusern in El Higuerón sind noch verfügbar, jedes mit eigenem Pool auf dem Dachsolarium und Blick aufs Mittelmeer.","Ab 1.120.000 €","Reihenhäuser, El Higuerón","3-4 Schlafzimmer","LEARN_MORE","https://nuevaliving.com/de/property-higueron-rooftop-villas.html?utm_source=meta&utm_medium=paid_social&utm_campaign=de-mijas-fuengirola&utm_content=higueron-rooftop-villas"
"higueron-rooftop-villas","ru","Тринадцать из тридцати шести таунхаусов ещё доступны в Эль-Игероне: у каждого собственный бассейн на солярии и вид на Средиземное море.","От 1 120 000 €","Таунхаусы, Эль-Игерон","3-4 спальни","LEARN_MORE","https://nuevaliving.com/ru/property-higueron-rooftop-villas.html?utm_source=meta&utm_medium=paid_social&utm_campaign=ru-mijas-fuengirola&utm_content=higueron-rooftop-villas"
"higueron-rooftop-villas","ar","ثلاثة عشر منزلاً متلاصقاً من أصل ستة وثلاثين ما زالت متاحة في إل إيغيرون، لكل منها مسبح خاص على السولاريوم وإطلالة على البحر المتوسط.","ابتداءً من 1,120,000 €","فلل متلاصقة، إل إيغيرون","3-4 غرف نوم","LEARN_MORE","https://nuevaliving.com/ar/property-higueron-rooftop-villas.html?utm_source=meta&utm_medium=paid_social&utm_campaign=ar-mijas-fuengirola&utm_content=higueron-rooftop-villas"
"higueron-rooftop-villas","nl","Dertien van de zesendertig herenhuizen nog beschikbaar in El Higuerón, elk met een eigen zwembad op het dakterras en uitzicht over de Middellandse Zee.","Vanaf € 1.120.000","Rijwoningen, El Higuerón","3-4 slaapkamers","LEARN_MORE","https://nuevaliving.com/nl/property-higueron-rooftop-villas.html?utm_source=meta&utm_medium=paid_social&utm_campaign=nl-mijas-fuengirola&utm_content=higueron-rooftop-villas"
"higueron-rooftop-villas","pl","Trzynaście z trzydziestu sześciu domów szeregowych wciąż dostępnych w El Higuerón, każdy z prywatnym basenem na solarium i widokiem na Morze Śródziemne.","Od 1 120 000 €","Domy szeregowe, El Higuerón","3-4 sypialnie","LEARN_MORE","https://nuevaliving.com/pl/property-higueron-rooftop-villas.html?utm_source=meta&utm_medium=paid_social&utm_campaign=pl-mijas-fuengirola&utm_content=higueron-rooftop-villas"
"higueron-rooftop-villas","no","Tretten av trettiseks rekkehus er fortsatt ledige i El Higuerón, hvert med eget basseng på solterrassen og utsikt over Middelhavet.","Fra 1 120 000 €","Rekkehus, El Higuerón","3-4 soverom","LEARN_MORE","https://nuevaliving.com/no/property-higueron-rooftop-villas.html?utm_source=meta&utm_medium=paid_social&utm_campaign=no-mijas-fuengirola&utm_content=higueron-rooftop-villas"
"higueron-rooftop-villas","sv","Tretton av trettiosex radhus är fortfarande lediga i El Higuerón, vart och ett med egen pool på solterrassen och utsikt över Medelhavet.","Från 1 120 000 €","Radhus, El Higuerón","3-4 sovrum","LEARN_MORE","https://nuevaliving.com/sv/property-higueron-rooftop-villas.html?utm_source=meta&utm_medium=paid_social&utm_campaign=sv-mijas-fuengirola&utm_content=higueron-rooftop-villas"
"higueron-wellness-residences","en","Fifty-three of seventy apartments and penthouses at El Higuerón, one to three bedrooms, with an indoor pool, thermal area, gym, cinema and co-working for residents.","From EUR 449,000","Apartments & Penthouses, El Higuerón","1-3 bedrooms","LEARN_MORE","https://nuevaliving.com/property-higueron-wellness-residences.html?utm_source=meta&utm_medium=paid_social&utm_campaign=en-mijas-fuengirola&utm_content=higueron-wellness-residences"
"higueron-wellness-residences","es","Cincuenta y tres de setenta viviendas y áticos en El Higuerón, de uno a tres dormitorios, con piscina interior, zona termal, gimnasio, cine y coworking para los residentes.","Desde 449.000 €","Apartamentos y áticos, El Higuerón","1-3 dormitorios","LEARN_MORE","https://nuevaliving.com/es/property-higueron-wellness-residences.html?utm_source=meta&utm_medium=paid_social&utm_campaign=es-mijas-fuengirola&utm_content=higueron-wellness-residences"
"higueron-wellness-residences","fr","Cinquante-trois appartements et penthouses sur soixante-dix à El Higuerón, une à trois chambres, avec piscine intérieure, espace thermal, salle de sport, cinéma et coworking pour les résidents.","À partir de 449 000 €","Appartements et penthouses, El Higuerón","1-3 chambres","LEARN_MORE","https://nuevaliving.com/fr/property-higueron-wellness-residences.html?utm_source=meta&utm_medium=paid_social&utm_campaign=fr-mijas-fuengirola&utm_content=higueron-wellness-residences"
"higueron-wellness-residences","de","Dreiundfünfzig von siebzig Wohnungen und Penthäusern in El Higuerón, ein bis drei Schlafzimmer, mit Innenpool, Thermalbereich, Fitnessraum, Kino und Coworking für die Bewohner.","Ab 449.000 €","Wohnungen & Penthäuser, El Higuerón","1-3 Schlafzimmer","LEARN_MORE","https://nuevaliving.com/de/property-higueron-wellness-residences.html?utm_source=meta&utm_medium=paid_social&utm_campaign=de-mijas-fuengirola&utm_content=higueron-wellness-residences"
"higueron-wellness-residences","ru","Пятьдесят три из семидесяти квартир и пентхаусов в Эль-Игероне, от одной до трёх спален, с крытым бассейном, термальной зоной, спортзалом, кинозалом и коворкингом для жильцов.","От 449 000 €","Апартаменты и пентхаусы, Эль-Игерон","1-3 спальни","LEARN_MORE","https://nuevaliving.com/ru/property-higueron-wellness-residences.html?utm_source=meta&utm_medium=paid_social&utm_campaign=ru-mijas-fuengirola&utm_content=higueron-wellness-residences"
"higueron-wellness-residences","ar","ثلاث وخمسون من أصل سبعين شقة وبنتهاوس في إل إيغيرون، من غرفة نوم إلى ثلاث، مع مسبح داخلي ومنطقة حرارية وصالة رياضة وسينما وعمل مشترك للسكان.","ابتداءً من 449,000 €","شقق وبنتهاوس، إل إيغيرون","1-3 غرف نوم","LEARN_MORE","https://nuevaliving.com/ar/property-higueron-wellness-residences.html?utm_source=meta&utm_medium=paid_social&utm_campaign=ar-mijas-fuengirola&utm_content=higueron-wellness-residences"
"higueron-wellness-residences","nl","Drieënvijftig van de zeventig appartementen en penthouses in El Higuerón, een tot drie slaapkamers, met binnenzwembad, thermale zone, fitnessruimte, bioscoop en coworking voor bewoners.","Vanaf € 449.000","Appartementen & penthouses, El Higuerón","1-3 slaapkamers","LEARN_MORE","https://nuevaliving.com/nl/property-higueron-wellness-residences.html?utm_source=meta&utm_medium=paid_social&utm_campaign=nl-mijas-fuengirola&utm_content=higueron-wellness-residences"
"higueron-wellness-residences","pl","Pięćdziesiąt trzy z siedemdziesięciu mieszkań i penthouse’ów w El Higuerón, od jednej do trzech sypialni, z basenem krytym, strefą termalną, siłownią, kinem i coworkingiem dla mieszkańców.","Od 449 000 €","Apartamenty i penthouse'y, El Higuerón","1-3 sypialnie","LEARN_MORE","https://nuevaliving.com/pl/property-higueron-wellness-residences.html?utm_source=meta&utm_medium=paid_social&utm_campaign=pl-mijas-fuengirola&utm_content=higueron-wellness-residences"
"higueron-wellness-residences","no","Femtitre av sytti leiligheter og toppleiligheter i El Higuerón, ett til tre soverom, med innendørsbasseng, termalsone, treningsrom, kino og coworking for beboerne.","Fra 449 000 €","El Higuerón","1-3 soverom","LEARN_MORE","https://nuevaliving.com/no/property-higueron-wellness-residences.html?utm_source=meta&utm_medium=paid_social&utm_campaign=no-mijas-fuengirola&utm_content=higueron-wellness-residences"
"higueron-wellness-residences","sv","Femtiotre av sjuttio lägenheter och takvåningar i El Higuerón, ett till tre sovrum, med inomhuspool, termalzon, gym, biograf och coworking för de boende.","Från 449 000 €","Lägenheter och takvåningar, El Higuerón","1-3 sovrum","LEARN_MORE","https://nuevaliving.com/sv/property-higueron-wellness-residences.html?utm_source=meta&utm_medium=paid_social&utm_campaign=sv-mijas-fuengirola&utm_content=higueron-wellness-residences"
"jardin-del-mar-residences","en","Gated apartments and penthouses on the New Golden Mile with a private spa, gym, cinema and coworking lounge.","From €720,000","Estepona, New Golden Mile","From,€720,000","LEARN_MORE","https://nuevaliving.com/property-jardin-del-mar-residences.html?utm_source=meta&utm_medium=paid_social&utm_campaign=en-estepona&utm_content=jardin-del-mar-residences"
"jardin-del-mar-residences","es","Apartamentos y áticos en una urbanización cerrada en la New Golden Mile, con spa privado, gimnasio, cine y sala de coworking.","Desde 720.000 €","Estepona, New Golden Mile","From,€720,000","LEARN_MORE","https://nuevaliving.com/es/property-jardin-del-mar-residences.html?utm_source=meta&utm_medium=paid_social&utm_campaign=es-estepona&utm_content=jardin-del-mar-residences"
"jardin-del-mar-residences","fr","Appartements et penthouses sécurisés sur la New Golden Mile, avec spa privé, salle de sport, cinéma et espace de coworking.","À partir de 720 000 €","Estepona, New Golden Mile","From,€720,000","LEARN_MORE","https://nuevaliving.com/fr/property-jardin-del-mar-residences.html?utm_source=meta&utm_medium=paid_social&utm_campaign=fr-estepona&utm_content=jardin-del-mar-residences"
"jardin-del-mar-residences","de","Wohnungen und Penthäuser in einer bewachten Anlage an der New Golden Mile, mit privatem Spa, Fitnessstudio, Kino und Coworking-Lounge.","Ab 720.000 €","Estepona, New Golden Mile","From,€720,000","LEARN_MORE","https://nuevaliving.com/de/property-jardin-del-mar-residences.html?utm_source=meta&utm_medium=paid_social&utm_campaign=de-estepona&utm_content=jardin-del-mar-residences"
"jardin-del-mar-residences","ru","Апартаменты и пентхаусы за закрытой территорией на Новой Золотой миле, с частным спа, тренажёрным залом, кинозалом и коворкинг-лаунджем.","От 720 000 €","Estepona, Новая Золотая миля","From,€720,000","LEARN_MORE","https://nuevaliving.com/ru/property-jardin-del-mar-residences.html?utm_source=meta&utm_medium=paid_social&utm_campaign=ru-estepona&utm_content=jardin-del-mar-residences"
"jardin-del-mar-residences","ar","شقق وبنتهاوس في مجمع مسوّر على الميل الذهبي الجديد، مع سبا خاص وصالة رياضية وسينما وصالة عمل مشتركة.","ابتداءً من 720,000 €","Estepona، الميل الذهبي الجديد","From,€720,000","LEARN_MORE","https://nuevaliving.com/ar/property-jardin-del-mar-residences.html?utm_source=meta&utm_medium=paid_social&utm_campaign=ar-estepona&utm_content=jardin-del-mar-residences"
"jardin-del-mar-residences","nl","Besloten appartementen en penthouses aan de New Golden Mile met een eigen spa, sportschool, bioscoop en coworkingruimte.","Vanaf € 720.000","Estepona, New Golden Mile","From,€720,000","LEARN_MORE","https://nuevaliving.com/nl/property-jardin-del-mar-residences.html?utm_source=meta&utm_medium=paid_social&utm_campaign=nl-estepona&utm_content=jardin-del-mar-residences"
"jardin-del-mar-residences","pl","Zamknięte apartamenty i penthouse'y przy New Golden Mile z prywatnym spa, siłownią, kinem i strefą coworkingową.","Od 720 000 €","Estepona, New Golden Mile","From,€720,000","LEARN_MORE","https://nuevaliving.com/pl/property-jardin-del-mar-residences.html?utm_source=meta&utm_medium=paid_social&utm_campaign=pl-estepona&utm_content=jardin-del-mar-residences"
"jardin-del-mar-residences","no","Gjerdede leiligheter og toppleiligheter ved New Golden Mile med privat spa, treningssenter, kino og coworking-lounge.","Fra 720 000 €","Estepona, New Golden Mile","From,€720,000","LEARN_MORE","https://nuevaliving.com/no/property-jardin-del-mar-residences.html?utm_source=meta&utm_medium=paid_social&utm_campaign=no-estepona&utm_content=jardin-del-mar-residences"
"jardin-del-mar-residences","sv","Grindade lägenheter och takvåningar vid New Golden Mile med privat spa, gym, biograf och coworkinglounge.","Från 720 000 €","Estepona, New Golden Mile","From,€720,000","LEARN_MORE","https://nuevaliving.com/sv/property-jardin-del-mar-residences.html?utm_source=meta&utm_medium=paid_social&utm_campaign=sv-estepona&utm_content=jardin-del-mar-residences"
"la-cala-sun-townhouses","en","Twenty-three of 68 south-facing terraced houses above La Cala de Mijas, in eight rows with a pool, a Fit space, a spa and a concierge.","From EUR 676,000","Townhouses, La Cala de Mijas","3-4 bedrooms","LEARN_MORE","https://nuevaliving.com/property-la-cala-sun-townhouses.html?utm_source=meta&utm_medium=paid_social&utm_campaign=en-mijas-fuengirola&utm_content=la-cala-sun-townhouses"
"la-cala-sun-townhouses","es","Veintitrés de 68 casas adosadas orientadas al sur sobre La Cala de Mijas, en ocho hileras con piscina, espacio Fit, spa y conserje.","Desde 676.000 €","Adosados, La Cala de Mijas","3-4 dormitorios","LEARN_MORE","https://nuevaliving.com/es/property-la-cala-sun-townhouses.html?utm_source=meta&utm_medium=paid_social&utm_campaign=es-mijas-fuengirola&utm_content=la-cala-sun-townhouses"
"la-cala-sun-townhouses","fr","Vingt-trois maisons mitoyennes orientées au sud sur 68 au-dessus de La Cala de Mijas, en huit rangées avec piscine, espace Fit, spa et concierge.","À partir de 676 000 €","Maisons mitoyennes, La Cala de Mijas","3-4 chambres","LEARN_MORE","https://nuevaliving.com/fr/property-la-cala-sun-townhouses.html?utm_source=meta&utm_medium=paid_social&utm_campaign=fr-mijas-fuengirola&utm_content=la-cala-sun-townhouses"
"la-cala-sun-townhouses","de","Dreiundzwanzig von 68 nach Süden ausgerichteten Reihenhäusern oberhalb von La Cala de Mijas, in acht Reihen mit Pool, Fit-Bereich, Spa und Concierge.","Ab 676.000 €","Reihenhäuser, La Cala de Mijas","3-4 Schlafzimmer","LEARN_MORE","https://nuevaliving.com/de/property-la-cala-sun-townhouses.html?utm_source=meta&utm_medium=paid_social&utm_campaign=de-mijas-fuengirola&utm_content=la-cala-sun-townhouses"
"la-cala-sun-townhouses","ru","Двадцать три из 68 таунхаусов южной ориентации над Ла-Кала-де-Михас, в восьми рядах с бассейном, фитнес-зоной, спа и консьержем.","От 676 000 €","Таунхаусы, Ла-Кала-де-Михас","3-4 спальни","LEARN_MORE","https://nuevaliving.com/ru/property-la-cala-sun-townhouses.html?utm_source=meta&utm_medium=paid_social&utm_campaign=ru-mijas-fuengirola&utm_content=la-cala-sun-townhouses"
"la-cala-sun-townhouses","ar","ثلاثة وعشرون من أصل 68 منزلاً متلاصقاً موجّهاً نحو الجنوب فوق لا كالا دي ميخاس، في ثمانية صفوف مع مسبح ومساحة Fit وسبا وبوّاب.","ابتداءً من 676,000 €","فلل متلاصقة، لا كالا دي ميخاس","3-4 غرف نوم","LEARN_MORE","https://nuevaliving.com/ar/property-la-cala-sun-townhouses.html?utm_source=meta&utm_medium=paid_social&utm_campaign=ar-mijas-fuengirola&utm_content=la-cala-sun-townhouses"
"la-cala-sun-townhouses","nl","Drieëntwintig van de 68 op het zuiden gerichte rijwoningen boven La Cala de Mijas, in acht rijen met een zwembad, een Fit-ruimte, een spa en een conciërge.","Vanaf € 676.000","Rijwoningen, La Cala de Mijas","3-4 slaapkamers","LEARN_MORE","https://nuevaliving.com/nl/property-la-cala-sun-townhouses.html?utm_source=meta&utm_medium=paid_social&utm_campaign=nl-mijas-fuengirola&utm_content=la-cala-sun-townhouses"
"la-cala-sun-townhouses","pl","Dwadzieścia trzy z 68 domów szeregowych zwróconych na południe powyżej La Cala de Mijas, w ośmiu rzędach z basenem, strefą Fit, spa i konsjerżem.","Od 676 000 €","Domy szeregowe, La Cala de Mijas","3-4 sypialnie","LEARN_MORE","https://nuevaliving.com/pl/property-la-cala-sun-townhouses.html?utm_source=meta&utm_medium=paid_social&utm_campaign=pl-mijas-fuengirola&utm_content=la-cala-sun-townhouses"
"la-cala-sun-townhouses","no","Tjuetre av 68 sørvendte rekkehus over La Cala de Mijas, i åtte rekker med basseng, Fit-område, spa og resepsjonist.","Fra 676 000 €","Rekkehus, La Cala de Mijas","3-4 soverom","LEARN_MORE","https://nuevaliving.com/no/property-la-cala-sun-townhouses.html?utm_source=meta&utm_medium=paid_social&utm_campaign=no-mijas-fuengirola&utm_content=la-cala-sun-townhouses"
"la-cala-sun-townhouses","sv","Tjugotre av 68 söderorienterade radhus ovanför La Cala de Mijas, i åtta rader med pool, Fit-yta, spa och concierge.","Från 676 000 €","Radhus, La Cala de Mijas","3-4 sovrum","LEARN_MORE","https://nuevaliving.com/sv/property-la-cala-sun-townhouses.html?utm_source=meta&utm_medium=paid_social&utm_campaign=sv-mijas-fuengirola&utm_content=la-cala-sun-townhouses"
"la-concha-view-villa","en","A five-bedroom detached villa under construction in Nueva Andalucía, with a private pool, a gym and a rooftop solarium with an outdoor kitchen.","From €5,000,000 + VAT","Nueva Andalucía, Nueva Andalucía","From,€5,000,000","LEARN_MORE","https://nuevaliving.com/property-la-concha-view-villa.html?utm_source=meta&utm_medium=paid_social&utm_campaign=en-nueva-andalucia&utm_content=la-concha-view-villa"
"la-concha-view-villa","es","Una villa independiente de cinco dormitorios en construcción en Nueva Andalucía, con piscina privada, gimnasio y solárium en cubierta con cocina exterior.","Desde 5.000.000 € + IVA","Nueva Andalucía, Nueva Andalucía","Desde,5.000.000 €","LEARN_MORE","https://nuevaliving.com/es/property-la-concha-view-villa.html?utm_source=meta&utm_medium=paid_social&utm_campaign=es-nueva-andalucia&utm_content=la-concha-view-villa"
"la-concha-view-villa","fr","Une villa indépendante de cinq chambres en construction à Nueva Andalucía, avec piscine privée, salle de sport et solarium en toiture doté d’une cuisine extérieure.","À partir de 5 000 000 € + TVA","Nueva Andalucía, Nueva Andalucía","À partir de,5 000 000 €","LEARN_MORE","https://nuevaliving.com/fr/property-la-concha-view-villa.html?utm_source=meta&utm_medium=paid_social&utm_campaign=fr-nueva-andalucia&utm_content=la-concha-view-villa"
"la-concha-view-villa","de","Eine freistehende Villa mit fünf Schlafzimmern im Bau in Nueva Andalucía, mit privatem Pool, Fitnessraum und Dachsolarium mit Außenküche.","Ab 5.000.000 € + MwSt.","Nueva Andalucía, Nueva Andalucía","Ab,5.000.000 €","LEARN_MORE","https://nuevaliving.com/de/property-la-concha-view-villa.html?utm_source=meta&utm_medium=paid_social&utm_campaign=de-nueva-andalucia&utm_content=la-concha-view-villa"
"la-concha-view-villa","ru","Отдельная вилла с пятью спальнями, строящаяся в Нуэва-Андалусии, с частным бассейном, спортзалом и солярием на крыше с летней кухней.","От 5 000 000 € + НДС","Nueva Andalucía, Нуэва-Андалусия","От,5 000 000 €","LEARN_MORE","https://nuevaliving.com/ru/property-la-concha-view-villa.html?utm_source=meta&utm_medium=paid_social&utm_campaign=ru-nueva-andalucia&utm_content=la-concha-view-villa"
"la-concha-view-villa","ar","فيلا مستقلة بخمس غرف نوم قيد الإنشاء في نويفا أندلوسيا، مع مسبح خاص وصالة رياضة وسولاريوم على السطح بمطبخ خارجي.","من 5,000,000 € + ضريبة القيمة المضافة","Nueva Andalucía، نويفا أندلوسيا","ابتداءً من,5,000,000 €","LEARN_MORE","https://nuevaliving.com/ar/property-la-concha-view-villa.html?utm_source=meta&utm_medium=paid_social&utm_campaign=ar-nueva-andalucia&utm_content=la-concha-view-villa"
"la-concha-view-villa","nl","Een vrijstaande villa met vijf slaapkamers in aanbouw in Nueva Andalucía, met privézwembad, fitnessruimte en dakterras met buitenkeuken.","Vanaf € 5.000.000 + btw","Nueva Andalucía, Nueva Andalucía","Vanaf,€ 5.000.000","LEARN_MORE","https://nuevaliving.com/nl/property-la-concha-view-villa.html?utm_source=meta&utm_medium=paid_social&utm_campaign=nl-nueva-andalucia&utm_content=la-concha-view-villa"
"la-concha-view-villa","pl","Wolnostojąca willa z pięcioma sypialniami w budowie w Nueva Andalucía, z prywatnym basenem, siłownią i solarium na dachu z kuchnią zewnętrzną.","Od 5 000 000 € + VAT","Nueva Andalucía, Nueva Andalucía","Od,5 000 000 €","LEARN_MORE","https://nuevaliving.com/pl/property-la-concha-view-villa.html?utm_source=meta&utm_medium=paid_social&utm_campaign=pl-nueva-andalucia&utm_content=la-concha-view-villa"
"la-concha-view-villa","no","En frittstående villa med fem soverom under bygging i Nueva Andalucía, med privat basseng, treningsrom og solterrasse på taket med utekjøkken.","Fra 5 000 000 € + mva","Nueva Andalucía, Nueva Andalucía","Fra,5 000 000 €","LEARN_MORE","https://nuevaliving.com/no/property-la-concha-view-villa.html?utm_source=meta&utm_medium=paid_social&utm_campaign=no-nueva-andalucia&utm_content=la-concha-view-villa"
"la-concha-view-villa","sv","En fristående villa med fem sovrum under byggnation i Nueva Andalucía, med privat pool, gym och solterrass på taket med utekök.","Från 5 000 000 € + moms","Nueva Andalucía, Nueva Andalucía","Från,5 000 000 €","LEARN_MORE","https://nuevaliving.com/sv/property-la-concha-view-villa.html?utm_source=meta&utm_medium=paid_social&utm_campaign=sv-nueva-andalucia&utm_content=la-concha-view-villa"
"la-morelia-de-marbella","en","A furnished, key-ready two-bedroom apartment with a private plunge pool, on an elevated plot in Nueva Andalucia's Golf Valley.","EUR 845,000","Nueva Andalucia, Nueva Andalucia","Price,EUR 845,000","LEARN_MORE","https://nuevaliving.com/property-la-morelia-de-marbella.html?utm_source=meta&utm_medium=paid_social&utm_campaign=en-nueva-andalucia&utm_content=la-morelia-de-marbella"
"la-morelia-de-marbella","es","Un apartamento de dos dormitorios, amueblado y listo para entrar a vivir, con piscina privada, en una parcela elevada del Valle del Golf de Nueva Andalucía.","845.000 €","Nueva Andalucia, Nueva Andalucía","Precio,845.000 €","LEARN_MORE","https://nuevaliving.com/es/property-la-morelia-de-marbella.html?utm_source=meta&utm_medium=paid_social&utm_campaign=es-nueva-andalucia&utm_content=la-morelia-de-marbella"
"la-morelia-de-marbella","fr","Un appartement de deux chambres, meublé et prêt à vivre, avec piscine privée, sur un terrain surélevé de la Vallée du Golf de Nueva Andalucia.","845 000 €","Nueva Andalucia, Nueva Andalucia","Prix,845 000 €","LEARN_MORE","https://nuevaliving.com/fr/property-la-morelia-de-marbella.html?utm_source=meta&utm_medium=paid_social&utm_campaign=fr-nueva-andalucia&utm_content=la-morelia-de-marbella"
"la-morelia-de-marbella","de","Eine möblierte, sofort beziehbare Zwei-Zimmer-Wohnung mit privatem Pool, auf einem erhöhten Grundstück im Golftal von Nueva Andalucia.","845.000 €","Nueva Andalucia, Nueva Andalucia","Preis,845.000 €","LEARN_MORE","https://nuevaliving.com/de/property-la-morelia-de-marbella.html?utm_source=meta&utm_medium=paid_social&utm_campaign=de-nueva-andalucia&utm_content=la-morelia-de-marbella"
"la-morelia-de-marbella","ru","Меблированная, готовая к заселению квартира с двумя спальнями и частным бассейном, на возвышенном участке в Гольф-долине Нуэва-Андалусии.","845 000 €","Nueva Andalucia, Нуэва-Андалусия","Цена,845 000 €","LEARN_MORE","https://nuevaliving.com/ru/property-la-morelia-de-marbella.html?utm_source=meta&utm_medium=paid_social&utm_campaign=ru-nueva-andalucia&utm_content=la-morelia-de-marbella"
"la-morelia-de-marbella","ar","شقة بغرفتي نوم، مفروشة وجاهزة للسكن، بمسبح خاص، على قطعة أرض مرتفعة في وادي الغولف بنويفا أندلوثيا.","845,000 €","Nueva Andalucia، نويفا أندلوثيا","السعر,845,000 €","LEARN_MORE","https://nuevaliving.com/ar/property-la-morelia-de-marbella.html?utm_source=meta&utm_medium=paid_social&utm_campaign=ar-nueva-andalucia&utm_content=la-morelia-de-marbella"
"la-morelia-de-marbella","nl","Een gemeubileerd, direct bewoonbaar appartement met twee slaapkamers en een eigen plunge pool, op een verhoogd perceel in de Golfvallei van Nueva Andalucía.","€ 845.000","Nueva Andalucia, Nueva Andalucía","Prijs,€ 845.000","LEARN_MORE","https://nuevaliving.com/nl/property-la-morelia-de-marbella.html?utm_source=meta&utm_medium=paid_social&utm_campaign=nl-nueva-andalucia&utm_content=la-morelia-de-marbella"
"la-morelia-de-marbella","pl","Umeblowany, gotowy do zamieszkania apartament z dwiema sypialniami i prywatnym basenem, na wyniesionej działce w Dolinie Golfowej Nueva Andalucía.","845 000 €","Nueva Andalucia, Nueva Andalucía","Cena,845 000 €","LEARN_MORE","https://nuevaliving.com/pl/property-la-morelia-de-marbella.html?utm_source=meta&utm_medium=paid_social&utm_campaign=pl-nueva-andalucia&utm_content=la-morelia-de-marbella"
"la-morelia-de-marbella","no","En møblert, innflyttingsklar leilighet med to soverom og eget boblebasseng, på en høytliggende tomt i golfdalen i Nueva Andalucía.","845 000 €","Nueva Andalucia, Nueva Andalucía","Pris,845 000 €","LEARN_MORE","https://nuevaliving.com/no/property-la-morelia-de-marbella.html?utm_source=meta&utm_medium=paid_social&utm_campaign=no-nueva-andalucia&utm_content=la-morelia-de-marbella"
"la-morelia-de-marbella","sv","En möblerad, inflyttningsklar lägenhet med två sovrum och en egen pool, på en högt belägen tomt i golfdalen i Nueva Andalucía.","845 000 €","Nueva Andalucia, Nueva Andalucía","Pris,845 000 €","LEARN_MORE","https://nuevaliving.com/sv/property-la-morelia-de-marbella.html?utm_source=meta&utm_medium=paid_social&utm_campaign=sv-nueva-andalucia&utm_content=la-morelia-de-marbella"
"la-noria-golf-residences","en","Thirty-two one and two-bedroom apartments opposite La Noria golf, in a scheme whose pools, gardens and gym are already built and in use.","From EUR 352,000","Apartments, La Cala de Mijas","From,EUR 352,000","LEARN_MORE","https://nuevaliving.com/property-la-noria-golf-residences.html?utm_source=meta&utm_medium=paid_social&utm_campaign=en-mijas-fuengirola&utm_content=la-noria-golf-residences"
"la-noria-golf-residences","es","Treinta y dos apartamentos de uno y dos dormitorios frente al golf de La Noria, en un conjunto cuyas piscinas, jardines y gimnasio ya están construidos y en uso.","Desde 352.000 €","Apartamentos, La Cala de Mijas","Desde,352.000 €","LEARN_MORE","https://nuevaliving.com/es/property-la-noria-golf-residences.html?utm_source=meta&utm_medium=paid_social&utm_campaign=es-mijas-fuengirola&utm_content=la-noria-golf-residences"
"la-noria-golf-residences","fr","Trente-deux appartements d'une et deux chambres face au golf de La Noria, dans une résidence dont les piscines, les jardins et la salle de sport sont déjà construits et en service.","À partir de 352 000 €","Appartements, La Cala de Mijas","À partir de,352 000 €","LEARN_MORE","https://nuevaliving.com/fr/property-la-noria-golf-residences.html?utm_source=meta&utm_medium=paid_social&utm_campaign=fr-mijas-fuengirola&utm_content=la-noria-golf-residences"
"la-noria-golf-residences","de","Zweiunddreißig Wohnungen mit einem und zwei Schlafzimmern gegenüber dem Golfplatz La Noria, in einer Anlage, deren Pools, Gärten und Fitnessraum bereits gebaut und in Betrieb sind.","Ab 352.000 €","Wohnungen, La Cala de Mijas","Ab,352.000 €","LEARN_MORE","https://nuevaliving.com/de/property-la-noria-golf-residences.html?utm_source=meta&utm_medium=paid_social&utm_campaign=de-mijas-fuengirola&utm_content=la-noria-golf-residences"
"la-noria-golf-residences","ru","Тридцать две квартиры с одной и двумя спальнями напротив поля La Noria, в комплексе, чьи бассейны, сады и тренажёрный зал уже построены и работают.","От 352 000 €","Апартаменты, Ла-Кала-де-Михас","От,352 000 €","LEARN_MORE","https://nuevaliving.com/ru/property-la-noria-golf-residences.html?utm_source=meta&utm_medium=paid_social&utm_campaign=ru-mijas-fuengirola&utm_content=la-noria-golf-residences"
"la-noria-golf-residences","ar","اثنتان وثلاثون شقة بغرفة وغرفتَي نوم مقابل ملعب لا نوريا للغولف، في مجمع اكتملت مسابحه وحدائقه وصالته الرياضية وهي قيد الاستخدام.","ابتداءً من 352,000 €","شقق، لا كالا دي ميخاس","ابتداءً من,352,000 €","LEARN_MORE","https://nuevaliving.com/ar/property-la-noria-golf-residences.html?utm_source=meta&utm_medium=paid_social&utm_campaign=ar-mijas-fuengirola&utm_content=la-noria-golf-residences"
"la-noria-golf-residences","nl","Tweeëndertig appartementen met één en twee slaapkamers tegenover golfbaan La Noria, in een complex waarvan de zwembaden, tuinen en fitnessruimte al gebouwd en in gebruik zijn.","Vanaf € 352.000","Appartementen, La Cala de Mijas","Vanaf,€ 352.000","LEARN_MORE","https://nuevaliving.com/nl/property-la-noria-golf-residences.html?utm_source=meta&utm_medium=paid_social&utm_campaign=nl-mijas-fuengirola&utm_content=la-noria-golf-residences"
"la-noria-golf-residences","pl","Trzydzieści dwa apartamenty z jedną i dwiema sypialniami naprzeciwko pola La Noria, na osiedlu, którego baseny, ogrody i siłownia są już wybudowane i użytkowane.","Od 352 000 €","Apartamenty, La Cala de Mijas","Od,352 000 €","LEARN_MORE","https://nuevaliving.com/pl/property-la-noria-golf-residences.html?utm_source=meta&utm_medium=paid_social&utm_campaign=pl-mijas-fuengirola&utm_content=la-noria-golf-residences"
"la-noria-golf-residences","no","Trettito leiligheter med ett og to soverom rett overfor golfbanen La Noria, i et anlegg der bassengene, hagene og treningsrommet allerede er bygget og i bruk.","Fra 352 000 €","Leiligheter, La Cala de Mijas","Fra,352 000 €","LEARN_MORE","https://nuevaliving.com/no/property-la-noria-golf-residences.html?utm_source=meta&utm_medium=paid_social&utm_campaign=no-mijas-fuengirola&utm_content=la-noria-golf-residences"
"la-noria-golf-residences","sv","Trettiotvå lägenheter med ett och två sovrum mitt emot golfbanan La Noria, i ett område vars pooler, trädgårdar och gym redan är byggda och i bruk.","Från 352 000 €","Lägenheter, La Cala de Mijas","Från,352 000 €","LEARN_MORE","https://nuevaliving.com/sv/property-la-noria-golf-residences.html?utm_source=meta&utm_medium=paid_social&utm_campaign=sv-mijas-fuengirola&utm_content=la-noria-golf-residences"
"la-resina-hillside-residences","en","Thirteen apartments still available beside La Resina Golf above Estepona, with terraces on every home, gardens on three and solariums on three.","From EUR 511,000","Apartments, La Resina","2-3 bedrooms","LEARN_MORE","https://nuevaliving.com/property-la-resina-hillside-residences.html?utm_source=meta&utm_medium=paid_social&utm_campaign=en-estepona&utm_content=la-resina-hillside-residences"
"la-resina-hillside-residences","es","Trece apartamentos aún disponibles junto a La Resina Golf, sobre Estepona, con terraza en todas las viviendas, jardín en tres y solárium en tres.","Desde 511.000 €","Apartamentos, La Resina","2-3 dormitorios","LEARN_MORE","https://nuevaliving.com/es/property-la-resina-hillside-residences.html?utm_source=meta&utm_medium=paid_social&utm_campaign=es-estepona&utm_content=la-resina-hillside-residences"
"la-resina-hillside-residences","fr","Treize appartements encore disponibles à côté du golf de La Resina, au-dessus d'Estepona, avec une terrasse pour chaque logement, un jardin pour trois et un solarium pour trois.","À partir de 511 000 €","Appartements, La Resina","2-3 chambres","LEARN_MORE","https://nuevaliving.com/fr/property-la-resina-hillside-residences.html?utm_source=meta&utm_medium=paid_social&utm_campaign=fr-estepona&utm_content=la-resina-hillside-residences"
"la-resina-hillside-residences","de","Dreizehn noch verfügbare Wohnungen neben dem Golfplatz La Resina über Estepona, mit Terrasse bei jeder Wohnung, Garten bei drei und Solarium bei drei.","Ab 511.000 €","Wohnungen, La Resina","2-3 Schlafzimmer","LEARN_MORE","https://nuevaliving.com/de/property-la-resina-hillside-residences.html?utm_source=meta&utm_medium=paid_social&utm_campaign=de-estepona&utm_content=la-resina-hillside-residences"
"la-resina-hillside-residences","ru","Тринадцать квартир, ещё доступных рядом с гольф-клубом La Resina над Эстепоной, с террасой у каждой квартиры, садом у трёх и солярием у трёх.","От 511 000 €","Апартаменты, Ла-Ресина","2-3 спальни","LEARN_MORE","https://nuevaliving.com/ru/property-la-resina-hillside-residences.html?utm_source=meta&utm_medium=paid_social&utm_campaign=ru-estepona&utm_content=la-resina-hillside-residences"
"la-resina-hillside-residences","ar","ثلاث عشرة شقة ما زالت متاحة إلى جانب ملعب غولف لا ريسينا فوق إستيبونا، بتراس لكل شقة وحديقة لثلاث وسولاريوم لثلاث.","ابتداءً من 511,000 €","شقق، لا ريسينا","2-3 غرف نوم","LEARN_MORE","https://nuevaliving.com/ar/property-la-resina-hillside-residences.html?utm_source=meta&utm_medium=paid_social&utm_campaign=ar-estepona&utm_content=la-resina-hillside-residences"
"la-resina-hillside-residences","nl","Dertien appartementen nog beschikbaar naast golfbaan La Resina boven Estepona, met een terras bij elke woning, een tuin bij drie en een solarium bij drie.","Vanaf € 511.000","Appartementen, La Resina","2-3 slaapkamers","LEARN_MORE","https://nuevaliving.com/nl/property-la-resina-hillside-residences.html?utm_source=meta&utm_medium=paid_social&utm_campaign=nl-estepona&utm_content=la-resina-hillside-residences"
"la-resina-hillside-residences","pl","Trzynaście mieszkań wciąż dostępnych obok pola golfowego La Resina nad Esteponą, z tarasem przy każdym mieszkaniu, ogrodem przy trzech i solarium przy trzech.","Od 511 000 €","Apartamenty, La Resina","2-3 sypialnie","LEARN_MORE","https://nuevaliving.com/pl/property-la-resina-hillside-residences.html?utm_source=meta&utm_medium=paid_social&utm_campaign=pl-estepona&utm_content=la-resina-hillside-residences"
"la-resina-hillside-residences","no","Tretten leiligheter fortsatt tilgjengelige ved siden av golfbanen La Resina over Estepona, med terrasse til hver bolig, hage til tre og solterrasse til tre.","Fra 511 000 €","Leiligheter, La Resina","2-3 soverom","LEARN_MORE","https://nuevaliving.com/no/property-la-resina-hillside-residences.html?utm_source=meta&utm_medium=paid_social&utm_campaign=no-estepona&utm_content=la-resina-hillside-residences"
"la-resina-hillside-residences","sv","Tretton lägenheter fortfarande tillgängliga intill La Resina golfbana ovanför Estepona, med terrass till varje bostad, trädgård till tre och solterrass till tre.","Från 511 000 €","Lägenheter, La Resina","2-3 sovrum","LEARN_MORE","https://nuevaliving.com/sv/property-la-resina-hillside-residences.html?utm_source=meta&utm_medium=paid_social&utm_campaign=sv-estepona&utm_content=la-resina-hillside-residences"
"la-resina-valley-villas","en","Six of twelve detached villas at La Resina on the New Golden Mile, each with a private pool, a lift and a basement that can be fitted out to as many as seven bedrooms.","From EUR 3,250,000","Villas, La Resina","3-7 bedrooms","LEARN_MORE","https://nuevaliving.com/property-la-resina-valley-villas.html?utm_source=meta&utm_medium=paid_social&utm_campaign=en-estepona&utm_content=la-resina-valley-villas"
"la-resina-valley-villas","es","Seis de doce villas independientes en La Resina, en la Nueva Milla de Oro, cada una con piscina privada, ascensor y un sótano que puede acondicionarse hasta siete dormitorios.","Desde 3.250.000 €","Villas, La Resina","3-7 dormitorios","LEARN_MORE","https://nuevaliving.com/es/property-la-resina-valley-villas.html?utm_source=meta&utm_medium=paid_social&utm_campaign=es-estepona&utm_content=la-resina-valley-villas"
"la-resina-valley-villas","fr","Six villas individuelles sur douze à La Resina, sur la Nouvelle Mille d’Or, chacune avec piscine privative, ascenseur et un sous-sol aménageable jusqu’à sept chambres.","À partir de 3 250 000 €","Villas, La Resina","3-7 chambres","LEARN_MORE","https://nuevaliving.com/fr/property-la-resina-valley-villas.html?utm_source=meta&utm_medium=paid_social&utm_campaign=fr-estepona&utm_content=la-resina-valley-villas"
"la-resina-valley-villas","de","Sechs von zwölf freistehenden Villen in La Resina an der New Golden Mile, jede mit privatem Pool, Aufzug und einem Untergeschoss, das auf bis zu sieben Schlafzimmer ausgebaut werden kann.","Ab 3.250.000 €","Villen, La Resina","3-7 Schlafzimmer","LEARN_MORE","https://nuevaliving.com/de/property-la-resina-valley-villas.html?utm_source=meta&utm_medium=paid_social&utm_campaign=de-estepona&utm_content=la-resina-valley-villas"
"la-resina-valley-villas","ru","Шесть из двенадцати отдельно стоящих вилл в Ла-Ресина на Новой Золотой Миле, у каждой частный бассейн, лифт и цокольный этаж, который можно отделать до семи спален.","От 3 250 000 €","Виллы, Ла-Ресина","3-7 спальни","LEARN_MORE","https://nuevaliving.com/ru/property-la-resina-valley-villas.html?utm_source=meta&utm_medium=paid_social&utm_campaign=ru-estepona&utm_content=la-resina-valley-villas"
"la-resina-valley-villas","ar","ست من أصل اثنتي عشرة فيلا مستقلة في لا ريسينا على الميل الذهبي الجديد، لكل منها مسبح خاص ومصعد وقبو يمكن تجهيزه حتى سبع غرف نوم.","ابتداءً من 3,250,000 €","فلل، لا ريسينا","3-7 غرف نوم","LEARN_MORE","https://nuevaliving.com/ar/property-la-resina-valley-villas.html?utm_source=meta&utm_medium=paid_social&utm_campaign=ar-estepona&utm_content=la-resina-valley-villas"
"la-resina-valley-villas","nl","Zes van de twaalf vrijstaande villa’s in La Resina aan de New Golden Mile, elk met een privézwembad, een lift en een souterrain dat tot zeven slaapkamers kan worden ingericht.","Vanaf € 3.250.000","Villa's, La Resina","3-7 slaapkamers","LEARN_MORE","https://nuevaliving.com/nl/property-la-resina-valley-villas.html?utm_source=meta&utm_medium=paid_social&utm_campaign=nl-estepona&utm_content=la-resina-valley-villas"
"la-resina-valley-villas","pl","Sześć z dwunastu wolnostojących willi w La Resina przy Nowej Złotej Mili, każda z prywatnym basenem, windą i piwnicą, którą można wykończyć nawet do siedmiu sypialni.","Od 3 250 000 €","Wille, La Resina","3-7 sypialnie","LEARN_MORE","https://nuevaliving.com/pl/property-la-resina-valley-villas.html?utm_source=meta&utm_medium=paid_social&utm_campaign=pl-estepona&utm_content=la-resina-valley-villas"
"la-resina-valley-villas","no","Seks av tolv frittliggende villaer i La Resina på New Golden Mile, hver med privat basseng, heis og en kjeller som kan innredes til så mye som sju soverom.","Fra 3 250 000 €","Villaer, La Resina","3-7 soverom","LEARN_MORE","https://nuevaliving.com/no/property-la-resina-valley-villas.html?utm_source=meta&utm_medium=paid_social&utm_campaign=no-estepona&utm_content=la-resina-valley-villas"
"la-resina-valley-villas","sv","Sex av tolv fristående villor i La Resina på New Golden Mile, var och en med privat pool, hiss och en källare som kan inredas till så många som sju sovrum.","Från 3 250 000 €","Villor, La Resina","3-7 sovrum","LEARN_MORE","https://nuevaliving.com/sv/property-la-resina-valley-villas.html?utm_source=meta&utm_medium=paid_social&utm_campaign=sv-estepona&utm_content=la-resina-valley-villas"
"las-brisas-pavilion-villa","en","A five-bedroom detached villa under construction in Las Brisas, with a private pool, a gym and spa on the lower level and a home cinema.","€5,500,000 + VAT","Nueva Andalucía, Las Brisas","Price,€5,500,000","LEARN_MORE","https://nuevaliving.com/property-las-brisas-pavilion-villa.html?utm_source=meta&utm_medium=paid_social&utm_campaign=en-nueva-andalucia&utm_content=las-brisas-pavilion-villa"
"las-brisas-pavilion-villa","es","Villa independiente de cinco dormitorios en construcción en Las Brisas, con piscina privada, gimnasio y spa en la planta inferior y sala de cine.","5.500.000 € + IVA","Nueva Andalucía, Las Brisas","Precio,5.500.000 €","LEARN_MORE","https://nuevaliving.com/es/property-las-brisas-pavilion-villa.html?utm_source=meta&utm_medium=paid_social&utm_campaign=es-nueva-andalucia&utm_content=las-brisas-pavilion-villa"
"las-brisas-pavilion-villa","fr","Villa individuelle de cinq chambres en construction à Las Brisas, avec piscine privée, salle de sport et spa au niveau inférieur et salle de cinéma.","5 500 000 € + TVA","Nueva Andalucía, Las Brisas","Prix,5 500 000 €","LEARN_MORE","https://nuevaliving.com/fr/property-las-brisas-pavilion-villa.html?utm_source=meta&utm_medium=paid_social&utm_campaign=fr-nueva-andalucia&utm_content=las-brisas-pavilion-villa"
"las-brisas-pavilion-villa","de","Freistehende Villa mit fünf Schlafzimmern im Bau in Las Brisas, mit Privatpool, Fitnessraum und Spa im Untergeschoss und Heimkino.","5.500.000 € + MwSt.","Nueva Andalucía, Las Brisas","Preis,5.500.000 €","LEARN_MORE","https://nuevaliving.com/de/property-las-brisas-pavilion-villa.html?utm_source=meta&utm_medium=paid_social&utm_campaign=de-nueva-andalucia&utm_content=las-brisas-pavilion-villa"
"las-brisas-pavilion-villa","ru","Отдельно стоящая вилла с пятью спальнями, строящаяся в Лас-Брисас, с частным бассейном, спортзалом и спа на нижнем уровне и домашним кинотеатром.","5 500 000 € + НДС","Нуэва-Андалусия, Лас-Брисас","Цена,5 500 000 €","LEARN_MORE","https://nuevaliving.com/ru/property-las-brisas-pavilion-villa.html?utm_source=meta&utm_medium=paid_social&utm_campaign=ru-nueva-andalucia&utm_content=las-brisas-pavilion-villa"
"las-brisas-pavilion-villa","ar","فيلا مستقلة بخمس غرف نوم قيد الإنشاء في لاس بريساس، مع مسبح خاص وصالة رياضة وسبا في المستوى السفلي وصالة سينما منزلية.","5,500,000 € + ضريبة القيمة المضافة","نويفا أندلوثيا، لاس بريساس","السعر,5,500,000 €","LEARN_MORE","https://nuevaliving.com/ar/property-las-brisas-pavilion-villa.html?utm_source=meta&utm_medium=paid_social&utm_campaign=ar-nueva-andalucia&utm_content=las-brisas-pavilion-villa"
"las-brisas-pavilion-villa","nl","Vrijstaande villa met vijf slaapkamers in aanbouw in Las Brisas, met privézwembad, fitnessruimte en spa op het onderste niveau en een bioscoop.","€ 5.500.000 + btw","Nueva Andalucía, Las Brisas","Prijs,€ 5.500.000","LEARN_MORE","https://nuevaliving.com/nl/property-las-brisas-pavilion-villa.html?utm_source=meta&utm_medium=paid_social&utm_campaign=nl-nueva-andalucia&utm_content=las-brisas-pavilion-villa"
"las-brisas-pavilion-villa","pl","Wolnostojąca willa z pięcioma sypialniami w budowie w Las Brisas, z prywatnym basenem, siłownią i strefą spa na poziomie dolnym oraz salą kinową.","5 500 000 € + VAT","Nueva Andalucía, Las Brisas","Cena,5 500 000 €","LEARN_MORE","https://nuevaliving.com/pl/property-las-brisas-pavilion-villa.html?utm_source=meta&utm_medium=paid_social&utm_campaign=pl-nueva-andalucia&utm_content=las-brisas-pavilion-villa"
"las-brisas-pavilion-villa","no","Frittliggende villa med fem soverom under oppføring i Las Brisas, med privat basseng, treningsrom og spa på nedre plan og kinosal.","5 500 000 € + mva","Nueva Andalucía, Las Brisas","Pris,5 500 000 €","LEARN_MORE","https://nuevaliving.com/no/property-las-brisas-pavilion-villa.html?utm_source=meta&utm_medium=paid_social&utm_campaign=no-nueva-andalucia&utm_content=las-brisas-pavilion-villa"
"las-brisas-pavilion-villa","sv","Fristående villa med fem sovrum under uppförande i Las Brisas, med privat pool, gym och spa på nedre plan och biosalong.","5 500 000 € + moms","Nueva Andalucía, Las Brisas","Pris,5 500 000 €","LEARN_MORE","https://nuevaliving.com/sv/property-las-brisas-pavilion-villa.html?utm_source=meta&utm_medium=paid_social&utm_campaign=sv-nueva-andalucia&utm_content=las-brisas-pavilion-villa"
"las-lagunas-courtyard-residences","en","Twenty-nine of fifty-two apartments still available in Las Lagunas, Mijas, each with a terrace, a parking space and a storeroom, around a communal courtyard pool.","From EUR 274,000","Apartments & Penthouses, Las Lagunas","2-3 bedrooms","LEARN_MORE","https://nuevaliving.com/property-las-lagunas-courtyard-residences.html?utm_source=meta&utm_medium=paid_social&utm_campaign=en-mijas-fuengirola&utm_content=las-lagunas-courtyard-residences"
"las-lagunas-courtyard-residences","es","Veintinueve de cincuenta y dos apartamentos todavía disponibles en Las Lagunas, Mijas, cada uno con terraza, plaza de garaje y trastero, en torno a una piscina comunitaria en patio.","Desde 274.000 €","Apartamentos y áticos, Las Lagunas","2-3 dormitorios","LEARN_MORE","https://nuevaliving.com/es/property-las-lagunas-courtyard-residences.html?utm_source=meta&utm_medium=paid_social&utm_campaign=es-mijas-fuengirola&utm_content=las-lagunas-courtyard-residences"
"las-lagunas-courtyard-residences","fr","Vingt-neuf appartements sur cinquante-deux encore disponibles à Las Lagunas, Mijas, chacun avec terrasse, place de parking et débarras, autour d’une piscine commune en patio.","À partir de 274 000 €","Appartements et penthouses, Las Lagunas","2-3 chambres","LEARN_MORE","https://nuevaliving.com/fr/property-las-lagunas-courtyard-residences.html?utm_source=meta&utm_medium=paid_social&utm_campaign=fr-mijas-fuengirola&utm_content=las-lagunas-courtyard-residences"
"las-lagunas-courtyard-residences","de","Neunundzwanzig von zweiundfünfzig Wohnungen in Las Lagunas, Mijas, sind noch verfügbar, jede mit Terrasse, Stellplatz und Abstellraum, rund um einen Gemeinschaftspool im Innenhof.","Ab 274.000 €","Wohnungen & Penthäuser, Las Lagunas","2-3 Schlafzimmer","LEARN_MORE","https://nuevaliving.com/de/property-las-lagunas-courtyard-residences.html?utm_source=meta&utm_medium=paid_social&utm_campaign=de-mijas-fuengirola&utm_content=las-lagunas-courtyard-residences"
"las-lagunas-courtyard-residences","ru","Двадцать девять из пятидесяти двух квартир ещё доступны в Лас-Лагунас, Михас, у каждой терраса, машиноместо и кладовая, вокруг общего бассейна во дворе.","От 274 000 €","Апартаменты и пентхаусы, Лас-Лагунас","2-3 спальни","LEARN_MORE","https://nuevaliving.com/ru/property-las-lagunas-courtyard-residences.html?utm_source=meta&utm_medium=paid_social&utm_campaign=ru-mijas-fuengirola&utm_content=las-lagunas-courtyard-residences"
"las-lagunas-courtyard-residences","ar","تسع وعشرون شقة من أصل اثنتين وخمسين ما زالت متاحة في لاس لاغوناس، ميخاس، لكل منها تراس وموقف سيارة ومخزن، حول مسبح مشترك في الفناء.","ابتداءً من 274,000 €","شقق وبنتهاوس، لاس لاغوناس","2-3 غرف نوم","LEARN_MORE","https://nuevaliving.com/ar/property-las-lagunas-courtyard-residences.html?utm_source=meta&utm_medium=paid_social&utm_campaign=ar-mijas-fuengirola&utm_content=las-lagunas-courtyard-residences"
"las-lagunas-courtyard-residences","nl","Negenentwintig van de tweeënvijftig appartementen nog beschikbaar in Las Lagunas, Mijas, elk met terras, parkeerplaats en berging, rond een gemeenschappelijk binnenplaatszwembad.","Vanaf € 274.000","Appartementen & penthouses, Las Lagunas","2-3 slaapkamers","LEARN_MORE","https://nuevaliving.com/nl/property-las-lagunas-courtyard-residences.html?utm_source=meta&utm_medium=paid_social&utm_campaign=nl-mijas-fuengirola&utm_content=las-lagunas-courtyard-residences"
"las-lagunas-courtyard-residences","pl","Dwadzieścia dziewięć z pięćdziesięciu dwóch mieszkań wciąż dostępnych w Las Lagunas w Mijas, każde z tarasem, miejscem postojowym i komórką, wokół wspólnego basenu na dziedzińcu.","Od 274 000 €","Apartamenty i penthouse'y, Las Lagunas","2-3 sypialnie","LEARN_MORE","https://nuevaliving.com/pl/property-las-lagunas-courtyard-residences.html?utm_source=meta&utm_medium=paid_social&utm_campaign=pl-mijas-fuengirola&utm_content=las-lagunas-courtyard-residences"
"las-lagunas-courtyard-residences","no","Tjueni av femtito leiligheter er fortsatt ledige i Las Lagunas, Mijas, hver med terrasse, parkeringsplass og bod, rundt et fellesbasseng i gårdsplassen.","Fra 274 000 €","Las Lagunas","2-3 soverom","LEARN_MORE","https://nuevaliving.com/no/property-las-lagunas-courtyard-residences.html?utm_source=meta&utm_medium=paid_social&utm_campaign=no-mijas-fuengirola&utm_content=las-lagunas-courtyard-residences"
"las-lagunas-courtyard-residences","sv","Tjugonio av femtiotvå lägenheter är fortfarande lediga i Las Lagunas, Mijas, var och en med terrass, parkeringsplats och förråd, runt en gemensam innergårdspool.","Från 274 000 €","Lägenheter och takvåningar, Las Lagunas","2-3 sovrum","LEARN_MORE","https://nuevaliving.com/sv/property-las-lagunas-courtyard-residences.html?utm_source=meta&utm_medium=paid_social&utm_campaign=sv-mijas-fuengirola&utm_content=las-lagunas-courtyard-residences"
"laurel-hill-residences","en","A staggered collection of 113 terraced homes on an elevated plot in Elviria Sur, each with a private lift and rooftop solarium.","From EUR 850,000","Elviria, Elviria Sur","From,EUR 850,000","LEARN_MORE","https://nuevaliving.com/property-laurel-hill-residences.html?utm_source=meta&utm_medium=paid_social&utm_campaign=en-marbella&utm_content=laurel-hill-residences"
"laurel-hill-residences","es","Una colección escalonada de 113 viviendas adosadas en una parcela elevada de Elviria Sur, cada una con ascensor privado y solárium en azotea.","Desde 850.000 €","Elviria, Elviria Sur","Desde,Desde 850.000 €","LEARN_MORE","https://nuevaliving.com/es/property-laurel-hill-residences.html?utm_source=meta&utm_medium=paid_social&utm_campaign=es-marbella&utm_content=laurel-hill-residences"
"laurel-hill-residences","fr","Une collection etagee de 113 maisons mitoyennes sur une parcelle en hauteur a Elviria Sud, chacune avec ascenseur prive et solarium en toiture.","A partir de 850 000 €","Elviria, Elviria Sud","Elviria Sud","LEARN_MORE","https://nuevaliving.com/fr/property-laurel-hill-residences.html?utm_source=meta&utm_medium=paid_social&utm_campaign=fr-marbella&utm_content=laurel-hill-residences"
"laurel-hill-residences","de","Eine terrassierte Sammlung von 113 Reihenhäusern auf einem erhöhten Grundstück in Elviria Süd, jedes mit privatem Aufzug und Dachsolarium.","Ab 850.000 €","Elviria, Elviria Süd","Ab,Ab 850.000 €","LEARN_MORE","https://nuevaliving.com/de/property-laurel-hill-residences.html?utm_source=meta&utm_medium=paid_social&utm_campaign=de-marbella&utm_content=laurel-hill-residences"
"laurel-hill-residences","ru","Ступенчатая коллекция из 113 таунхаусов на возвышенном участке в Эльвирии-Сур, каждый с частным лифтом и солярием на крыше.","От 850 000 €","Elviria, Эльвирия-Сур","От,От 850 000 €","LEARN_MORE","https://nuevaliving.com/ru/property-laurel-hill-residences.html?utm_source=meta&utm_medium=paid_social&utm_campaign=ru-marbella&utm_content=laurel-hill-residences"
"laurel-hill-residences","ar","مجموعة متدرجة من 113 فيلا متلاصقة على قطعة أرض مرتفعة في إلفيريا سور، كل منها بمصعد خاص وسولاريوم على السطح.","ابتداءً من 850,000 €","Elviria، إلفيريا سور","إلفيريا سور","LEARN_MORE","https://nuevaliving.com/ar/property-laurel-hill-residences.html?utm_source=meta&utm_medium=paid_social&utm_campaign=ar-marbella&utm_content=laurel-hill-residences"
"laurel-hill-residences","nl","Een gefaseerde collectie van 113 rijwoningen op een verhoogd perceel in Elviria Sur, elk met een eigen lift en dakterras-solarium.","Vanaf € 850.000","Elviria, Elviria Sur","Vanaf,Vanaf € 850.000","LEARN_MORE","https://nuevaliving.com/nl/property-laurel-hill-residences.html?utm_source=meta&utm_medium=paid_social&utm_campaign=nl-marbella&utm_content=laurel-hill-residences"
"laurel-hill-residences","pl","Kaskadowa kolekcja 113 domów szeregowych na wyniesionej działce w Elviria Sur, każdy z prywatną windą i solarium na dachu.","Od 850 000 €","Elviria, Elviria Sur","Od,Od 850 000 €","LEARN_MORE","https://nuevaliving.com/pl/property-laurel-hill-residences.html?utm_source=meta&utm_medium=paid_social&utm_campaign=pl-marbella&utm_content=laurel-hill-residences"
"laurel-hill-residences","no","En trinnvis samling av 113 rekkehus på en høytliggende tomt i Elviria Sur, hver med egen heis og takterrasse-solarium.","Fra 850 000 €","Elviria, Elviria Sur","Fra,Fra 850 000 €","LEARN_MORE","https://nuevaliving.com/no/property-laurel-hill-residences.html?utm_source=meta&utm_medium=paid_social&utm_campaign=no-marbella&utm_content=laurel-hill-residences"
"laurel-hill-residences","sv","En stegformad samling av 113 radhus på en högt belägen tomt i Elviria Sur, vart och ett med egen hiss och takterrass-solarium.","Från 850 000 €","Elviria, Elviria Sur","Från,Från 850 000 €","LEARN_MORE","https://nuevaliving.com/sv/property-laurel-hill-residences.html?utm_source=meta&utm_medium=paid_social&utm_campaign=sv-marbella&utm_content=laurel-hill-residences"
"los-olivos-residences","en","Gated apartments and penthouses in Marbella's Golf Valley, close to Puerto Banús and the Golden Mile.","From €1,237,625","Golf Valley — Nueva Andalucia","From,€1,237,625","LEARN_MORE","https://nuevaliving.com/property-los-olivos-residences.html?utm_source=meta&utm_medium=paid_social&utm_campaign=en-nueva-andalucia&utm_content=los-olivos-residences"
"los-olivos-residences","es","Apartamentos y áticos en una urbanización cerrada en el Valle del Golf de Marbella, cerca de Puerto Banús y la Milla de Oro.","Desde 1.237.625 €","Valle del Golf — Nueva Andalucía","From,€1,237,625","LEARN_MORE","https://nuevaliving.com/es/property-los-olivos-residences.html?utm_source=meta&utm_medium=paid_social&utm_campaign=es-nueva-andalucia&utm_content=los-olivos-residences"
"los-olivos-residences","fr","Appartements et penthouses sécurisés dans le Golf Valley de Marbella, à proximité de Puerto Banús et de la Golden Mile.","À partir de 1 237 625 €","Golf Valley — Nueva Andalucía","From,€1,237,625","LEARN_MORE","https://nuevaliving.com/fr/property-los-olivos-residences.html?utm_source=meta&utm_medium=paid_social&utm_campaign=fr-nueva-andalucia&utm_content=los-olivos-residences"
"los-olivos-residences","de","Wohnungen und Penthäuser in einer bewachten Anlage im Golf Valley von Marbella, nahe Puerto Banús und der Golden Mile.","Ab 1.237.625 €","Golf Valley — Nueva Andalucía","From,€1,237,625","LEARN_MORE","https://nuevaliving.com/de/property-los-olivos-residences.html?utm_source=meta&utm_medium=paid_social&utm_campaign=de-nueva-andalucia&utm_content=los-olivos-residences"
"los-olivos-residences","ru","Апартаменты и пентхаусы за закрытой территорией в долине для гольфа Марбельи, рядом с Пуэрто-Банусом и Золотой милей.","От 1 237 625 €","Гольф-Долина — Нуэва-Андалусия","From,€1,237,625","LEARN_MORE","https://nuevaliving.com/ru/property-los-olivos-residences.html?utm_source=meta&utm_medium=paid_social&utm_campaign=ru-nueva-andalucia&utm_content=los-olivos-residences"
"los-olivos-residences","ar","شقق وبنتهاوس في مجمع مسوّر بوادي غولف ماربيا، بالقرب من بويرتو بانوس والميلة الذهبية.","ابتداءً من 1,237,625 €","وادي الغولف — نويفا أندلوثيا","From,€1,237,625","LEARN_MORE","https://nuevaliving.com/ar/property-los-olivos-residences.html?utm_source=meta&utm_medium=paid_social&utm_campaign=ar-nueva-andalucia&utm_content=los-olivos-residences"
"los-olivos-residences","nl","Appartementen en penthouses in een besloten woonwijk in de Golf Valley van Marbella, nabij Puerto Banús en de Golden Mile.","Vanaf € 1.237.625","Golf Valley — Nueva Andalucía","From,€1,237,625","LEARN_MORE","https://nuevaliving.com/nl/property-los-olivos-residences.html?utm_source=meta&utm_medium=paid_social&utm_campaign=nl-nueva-andalucia&utm_content=los-olivos-residences"
"los-olivos-residences","pl","Apartamenty i penthouse'y w zamkniętym osiedlu w Golf Valley w Marbelli, blisko Puerto Banús i Golden Mile.","Od 1 237 625 €","Golf Valley — Nueva Andalucía","From,€1,237,625","LEARN_MORE","https://nuevaliving.com/pl/property-los-olivos-residences.html?utm_source=meta&utm_medium=paid_social&utm_campaign=pl-nueva-andalucia&utm_content=los-olivos-residences"
"los-olivos-residences","no","Leiligheter og toppleiligheter i et gjerdet boligområde i Marbellas Golf Valley, nær Puerto Banús og Golden Mile.","Fra 1 237 625 €","Golf Valley — Nueva Andalucía","From,€1,237,625","LEARN_MORE","https://nuevaliving.com/no/property-los-olivos-residences.html?utm_source=meta&utm_medium=paid_social&utm_campaign=no-nueva-andalucia&utm_content=los-olivos-residences"
"los-olivos-residences","sv","Lägenheter och takvåningar i ett inhägnat bostadsområde i Marbellas Golf Valley, nära Puerto Banús och Golden Mile.","Från 1 237 625 €","Golf Valley — Nueva Andalucía","From,€1,237,625","LEARN_MORE","https://nuevaliving.com/sv/property-los-olivos-residences.html?utm_source=meta&utm_medium=paid_social&utm_campaign=sv-nueva-andalucia&utm_content=los-olivos-residences"
"marbella-west-garden-residences","en","A 139-home urban resort near San Pedro and Puerto Banús, with four pools, a full wellness hub and the beach within walking distance.","From €527,500","Marbella West - near San Pedro","From,€527,500","LEARN_MORE","https://nuevaliving.com/property-marbella-west-garden-residences.html?utm_source=meta&utm_medium=paid_social&utm_campaign=en-san-pedro-alcantara&utm_content=marbella-west-garden-residences"
"marbella-west-garden-residences","es","Un resort urbano de 139 viviendas cerca de San Pedro y Puerto Banús, con cuatro piscinas, un completo centro de bienestar y la playa a poca distancia a pie.","Desde 527.500 €","Marbella Oeste - cerca de San Pedro","From,€527,500","LEARN_MORE","https://nuevaliving.com/es/property-marbella-west-garden-residences.html?utm_source=meta&utm_medium=paid_social&utm_campaign=es-san-pedro-alcantara&utm_content=marbella-west-garden-residences"
"marbella-west-garden-residences","fr","Un resort urbain de 139 logements près de San Pedro et de Puerto Banús, avec quatre piscines, un espace bien-être complet et la plage à quelques minutes à pied.","À partir de 527 500 €","Marbella Ouest - près de San Pedro","From,€527,500","LEARN_MORE","https://nuevaliving.com/fr/property-marbella-west-garden-residences.html?utm_source=meta&utm_medium=paid_social&utm_campaign=fr-san-pedro-alcantara&utm_content=marbella-west-garden-residences"
"marbella-west-garden-residences","de","Ein urbanes Resort mit 139 Wohnungen nahe San Pedro und Puerto Banús, mit vier Pools, einem umfassenden Wellnessbereich und dem Strand in Gehweite.","Ab 527.500 €","Marbella West - nahe San Pedro","From,€527,500","LEARN_MORE","https://nuevaliving.com/de/property-marbella-west-garden-residences.html?utm_source=meta&utm_medium=paid_social&utm_campaign=de-san-pedro-alcantara&utm_content=marbella-west-garden-residences"
"marbella-west-garden-residences","ru","Городской курортный комплекс на 139 резиденций рядом с Сан-Педро и Пуэрто-Банусом, с четырьмя бассейнами, полноценным wellness-центром и пляжем в пешей доступности.","От 527 500 €","Западная Марбелья - рядом с Сан-Педро","From,€527,500","LEARN_MORE","https://nuevaliving.com/ru/property-marbella-west-garden-residences.html?utm_source=meta&utm_medium=paid_social&utm_campaign=ru-san-pedro-alcantara&utm_content=marbella-west-garden-residences"
"marbella-west-garden-residences","ar","منتجع حضري يضم 139 وحدة سكنية بالقرب من سان بيدرو وبويرتو بانوس، مع أربعة مسابح ومركز عافية متكامل والشاطئ على مسافة قريبة سيرًا على الأقدام.","ابتداءً من 527,500 €","غرب ماربيا - بالقرب من سان بيدرو","From,€527,500","LEARN_MORE","https://nuevaliving.com/ar/property-marbella-west-garden-residences.html?utm_source=meta&utm_medium=paid_social&utm_campaign=ar-san-pedro-alcantara&utm_content=marbella-west-garden-residences"
"marbella-west-garden-residences","nl","Een stedelijk resort van 139 woningen bij San Pedro en Puerto Banús, met vier zwembaden, een volledig wellnesscentrum en het strand op loopafstand.","Vanaf € 527.500","Marbella West - nabij San Pedro","From,€527,500","LEARN_MORE","https://nuevaliving.com/nl/property-marbella-west-garden-residences.html?utm_source=meta&utm_medium=paid_social&utm_campaign=nl-san-pedro-alcantara&utm_content=marbella-west-garden-residences"
"marbella-west-garden-residences","pl","Miejski resort złożony ze 139 lokali w pobliżu San Pedro i Puerto Banús, z czterema basenami, pełnym centrum wellness i plażą w zasięgu spaceru.","Od 527 500 €","Marbella West - blisko San Pedro","From,€527,500","LEARN_MORE","https://nuevaliving.com/pl/property-marbella-west-garden-residences.html?utm_source=meta&utm_medium=paid_social&utm_campaign=pl-san-pedro-alcantara&utm_content=marbella-west-garden-residences"
"marbella-west-garden-residences","no","Et urbant resort med 139 boliger nær San Pedro og Puerto Banús, med fire basseng, et komplett wellnesssenter og stranden på gangavstand.","Fra 527 500 €","Marbella West - nær San Pedro","From,€527,500","LEARN_MORE","https://nuevaliving.com/no/property-marbella-west-garden-residences.html?utm_source=meta&utm_medium=paid_social&utm_campaign=no-san-pedro-alcantara&utm_content=marbella-west-garden-residences"
"marbella-west-garden-residences","sv","Ett urbant resort med 139 bostäder nära San Pedro och Puerto Banús, med fyra pooler, ett komplett wellnesscenter och stranden på gångavstånd.","Från 527 500 €","Marbella West - nära San Pedro","From,€527,500","LEARN_MORE","https://nuevaliving.com/sv/property-marbella-west-garden-residences.html?utm_source=meta&utm_medium=paid_social&utm_campaign=sv-san-pedro-alcantara&utm_content=marbella-west-garden-residences"
"meridian-golf-villas","en","A boutique collection of 14 semi-detached, 4-bedroom villas next to El Campanario golf course on the New Golden Mile.","From EUR 1,550,000","Estepona, New Golden Mile","From,EUR 1,550,000","LEARN_MORE","https://nuevaliving.com/property-meridian-golf-villas.html?utm_source=meta&utm_medium=paid_social&utm_campaign=en-estepona&utm_content=meridian-golf-villas"
"meridian-golf-villas","es","Un conjunto boutique de 14 villas semi adosadas de 4 dormitorios junto al campo de golf de El Campanario, en la Nueva Milla de Oro.","Desde 1.550.000 €","Estepona, Nueva Milla de Oro","Desde,1.550.000 €","LEARN_MORE","https://nuevaliving.com/es/property-meridian-golf-villas.html?utm_source=meta&utm_medium=paid_social&utm_campaign=es-estepona&utm_content=meridian-golf-villas"
"meridian-golf-villas","fr","Un ensemble boutique de 14 villas mitoyennes de 4 chambres à côté du golf d'El Campanario, sur la New Golden Mile.","À partir de 1 550 000 €","Estepona, New Golden Mile","À partir de,1 550 000 €","LEARN_MORE","https://nuevaliving.com/fr/property-meridian-golf-villas.html?utm_source=meta&utm_medium=paid_social&utm_campaign=fr-estepona&utm_content=meridian-golf-villas"
"meridian-golf-villas","de","Eine Boutique-Anlage aus 14 Doppelhaushälften mit 4 Schlafzimmern neben dem Golfplatz El Campanario, an der New Golden Mile.","Ab 1.550.000 €","Estepona, New Golden Mile","Ab,1.550.000 €","LEARN_MORE","https://nuevaliving.com/de/property-meridian-golf-villas.html?utm_source=meta&utm_medium=paid_social&utm_campaign=de-estepona&utm_content=meridian-golf-villas"
"meridian-golf-villas","ru","Бутик-комплекс из 14 таунхаусов на две семьи с 4 спальнями рядом с полем для гольфа Эль-Кампанарио, на Новой Золотой Миле.","От 1 550 000 €","Эстепона, Новая Золотая Миля","От,1 550 000 €","LEARN_MORE","https://nuevaliving.com/ru/property-meridian-golf-villas.html?utm_source=meta&utm_medium=paid_social&utm_campaign=ru-estepona&utm_content=meridian-golf-villas"
"meridian-golf-villas","ar","مجمع بوتيك من 14 فيلا شبه منفصلة بأربع غرف نوم بجوار ملعب غولف إل كامباناريو، على نيو غولدن مايل.","ابتداءً من 1,550,000 €","إستيبونا، نيو غولدن مايل","ابتداءً من,1,550,000 €","LEARN_MORE","https://nuevaliving.com/ar/property-meridian-golf-villas.html?utm_source=meta&utm_medium=paid_social&utm_campaign=ar-estepona&utm_content=meridian-golf-villas"
"meridian-golf-villas","nl","Een boutique collectie van 14 halfvrijstaande villa's met 4 slaapkamers naast de golfbaan van El Campanario aan de New Golden Mile.","Vanaf € 1.550.000","Estepona, New Golden Mile","Vanaf,€ 1.550.000","LEARN_MORE","https://nuevaliving.com/nl/property-meridian-golf-villas.html?utm_source=meta&utm_medium=paid_social&utm_campaign=nl-estepona&utm_content=meridian-golf-villas"
"meridian-golf-villas","pl","Butikowa kolekcja 14 bliźniaczych willi z 4 sypialniami przy polu golfowym El Campanario na Nowej Złotej Mili.","Od 1 550 000 €","Estepona, Nowa Złota Mila","Od,1 550 000 €","LEARN_MORE","https://nuevaliving.com/pl/property-meridian-golf-villas.html?utm_source=meta&utm_medium=paid_social&utm_campaign=pl-estepona&utm_content=meridian-golf-villas"
"meridian-golf-villas","no","En boutique-samling av 14 tomannsboliger med 4 soverom ved siden av golfbanen El Campanario på New Golden Mile.","Fra 1 550 000 €","Estepona, New Golden Mile","Fra,1 550 000 €","LEARN_MORE","https://nuevaliving.com/no/property-meridian-golf-villas.html?utm_source=meta&utm_medium=paid_social&utm_campaign=no-estepona&utm_content=meridian-golf-villas"
"meridian-golf-villas","sv","En boutiquesamling av 14 parvillor med 4 sovrum intill golfbanan El Campanario vid New Golden Mile.","Från 1 550 000 €","Estepona, New Golden Mile","Från,1 550 000 €","LEARN_MORE","https://nuevaliving.com/sv/property-meridian-golf-villas.html?utm_source=meta&utm_medium=paid_social&utm_campaign=sv-estepona&utm_content=meridian-golf-villas"
"mijas-golf-park-residences","en","Eighty-four of 115 apartments and penthouses beside Mijas Golf, stepped along a landscaped park with a pool, a gym, a sauna and a coworking room.","From EUR 269,000","Apartments & Penthouses, Mijas Golf","1-3 bedrooms","LEARN_MORE","https://nuevaliving.com/property-mijas-golf-park-residences.html?utm_source=meta&utm_medium=paid_social&utm_campaign=en-mijas-fuengirola&utm_content=mijas-golf-park-residences"
"mijas-golf-park-residences","es","Ochenta y cuatro de 115 apartamentos y áticos junto a Mijas Golf, escalonados a lo largo de un parque ajardinado con piscina, gimnasio, sauna y sala de coworking.","Desde 269.000 €","Apartamentos y áticos, Mijas Golf","1-3 dormitorios","LEARN_MORE","https://nuevaliving.com/es/property-mijas-golf-park-residences.html?utm_source=meta&utm_medium=paid_social&utm_campaign=es-mijas-fuengirola&utm_content=mijas-golf-park-residences"
"mijas-golf-park-residences","fr","Quatre-vingt-quatre appartements et penthouses sur 115 en bordure de Mijas Golf, échelonnés le long d’un parc paysager avec piscine, salle de sport, sauna et espace de coworking.","À partir de 269 000 €","Appartements et penthouses, Mijas Golf","1-3 chambres","LEARN_MORE","https://nuevaliving.com/fr/property-mijas-golf-park-residences.html?utm_source=meta&utm_medium=paid_social&utm_campaign=fr-mijas-fuengirola&utm_content=mijas-golf-park-residences"
"mijas-golf-park-residences","de","Vierundachtzig von 115 Wohnungen und Penthäusern an Mijas Golf, gestaffelt entlang eines angelegten Parks mit Pool, Fitnessraum, Sauna und Coworking-Bereich.","Ab 269.000 €","Wohnungen & Penthäuser, Mijas Golf","1-3 Schlafzimmer","LEARN_MORE","https://nuevaliving.com/de/property-mijas-golf-park-residences.html?utm_source=meta&utm_medium=paid_social&utm_campaign=de-mijas-fuengirola&utm_content=mijas-golf-park-residences"
"mijas-golf-park-residences","ru","Восемьдесят четыре из 115 квартир и пентхаусов рядом с Mijas Golf, уступами вытянутые вдоль озеленённого парка с бассейном, тренажёрным залом, сауной и коворкингом.","От 269 000 €","Апартаменты и пентхаусы, Михас Гольф","1-3 спальни","LEARN_MORE","https://nuevaliving.com/ru/property-mijas-golf-park-residences.html?utm_source=meta&utm_medium=paid_social&utm_campaign=ru-mijas-fuengirola&utm_content=mijas-golf-park-residences"
"mijas-golf-park-residences","ar","أربع وثمانون من أصل 115 شقة وبنتهاوس بجوار ميخاس غولف، متدرجة على امتداد حديقة منسّقة تضم مسبحاً وصالة رياضية وساونا ومساحة عمل مشتركة.","ابتداءً من 269,000 €","شقق وبنتهاوس، ميخاس غولف","1-3 غرف نوم","LEARN_MORE","https://nuevaliving.com/ar/property-mijas-golf-park-residences.html?utm_source=meta&utm_medium=paid_social&utm_campaign=ar-mijas-fuengirola&utm_content=mijas-golf-park-residences"
"mijas-golf-park-residences","nl","Vierentachtig van de 115 appartementen en penthouses naast Mijas Golf, getrapt langs een aangelegd park met een zwembad, een fitnessruimte, een sauna en een coworkingruimte.","Vanaf € 269.000","Appartementen & penthouses, Mijas Golf","1-3 slaapkamers","LEARN_MORE","https://nuevaliving.com/nl/property-mijas-golf-park-residences.html?utm_source=meta&utm_medium=paid_social&utm_campaign=nl-mijas-fuengirola&utm_content=mijas-golf-park-residences"
"mijas-golf-park-residences","pl","Osiemdziesiąt cztery ze 115 mieszkań i penthouse’ów przy Mijas Golf, rozmieszczone schodkowo wzdłuż urządzonego parku z basenem, siłownią, sauną i przestrzenią coworkingową.","Od 269 000 €","Apartamenty i penthouse'y, Mijas Golf","1-3 sypialnie","LEARN_MORE","https://nuevaliving.com/pl/property-mijas-golf-park-residences.html?utm_source=meta&utm_medium=paid_social&utm_campaign=pl-mijas-fuengirola&utm_content=mijas-golf-park-residences"
"mijas-golf-park-residences","no","Åttifire av 115 leiligheter og toppleiligheter ved Mijas Golf, trappet langs en opparbeidet park med basseng, treningsrom, badstue og coworkingområde.","Fra 269 000 €","Mijas Golf","1-3 soverom","LEARN_MORE","https://nuevaliving.com/no/property-mijas-golf-park-residences.html?utm_source=meta&utm_medium=paid_social&utm_campaign=no-mijas-fuengirola&utm_content=mijas-golf-park-residences"
"mijas-golf-park-residences","sv","Åttiofyra av 115 lägenheter och takvåningar intill Mijas Golf, trappade längs en anlagd park med pool, gym, bastu och coworkingyta.","Från 269 000 €","Lägenheter och takvåningar, Mijas Golf","1-3 sovrum","LEARN_MORE","https://nuevaliving.com/sv/property-mijas-golf-park-residences.html?utm_source=meta&utm_medium=paid_social&utm_campaign=sv-mijas-fuengirola&utm_content=mijas-golf-park-residences"
"mirador-las-mesas","en","A gated collection of 164 apartments and penthouses in Las Mesas, Estepona, with two outdoor pools and sea and mountain views.","From EUR 580,000","Estepona, Estepona","From,EUR 580,000","LEARN_MORE","https://nuevaliving.com/property-mirador-las-mesas.html?utm_source=meta&utm_medium=paid_social&utm_campaign=en-estepona&utm_content=mirador-las-mesas"
"mirador-las-mesas","es","Un conjunto cerrado de 164 apartamentos y áticos en Las Mesas, Estepona, con dos piscinas exteriores y vistas al mar y a la montaña.","Desde 580.000 €","Estepona, Estepona","Desde,580.000 €","LEARN_MORE","https://nuevaliving.com/es/property-mirador-las-mesas.html?utm_source=meta&utm_medium=paid_social&utm_campaign=es-estepona&utm_content=mirador-las-mesas"
"mirador-las-mesas","fr","Un ensemble fermé de 164 appartements et penthouses à Las Mesas, Estepona, avec deux piscines extérieures et vue sur mer et montagne.","À partir de 580 000 €","Estepona, Estepona","À partir de,580 000 €","LEARN_MORE","https://nuevaliving.com/fr/property-mirador-las-mesas.html?utm_source=meta&utm_medium=paid_social&utm_campaign=fr-estepona&utm_content=mirador-las-mesas"
"mirador-las-mesas","de","Eine geschlossene Wohnanlage mit 164 Wohnungen und Penthäusern in Las Mesas, Estepona, mit zwei Außenpools und Meer- und Bergblick.","Ab 580.000 €","Estepona, Estepona","Ab,580.000 €","LEARN_MORE","https://nuevaliving.com/de/property-mirador-las-mesas.html?utm_source=meta&utm_medium=paid_social&utm_campaign=de-estepona&utm_content=mirador-las-mesas"
"mirador-las-mesas","ru","Закрытый комплекс из 164 апартаментов и пентхаусов в Лас-Месас, Эстепона, с двумя открытыми бассейнами и видом на море и горы.","От 580 000 €","Эстепона, Эстепона","От,580 000 €","LEARN_MORE","https://nuevaliving.com/ru/property-mirador-las-mesas.html?utm_source=meta&utm_medium=paid_social&utm_campaign=ru-estepona&utm_content=mirador-las-mesas"
"mirador-las-mesas","ar","مجمع مسور من 164 شقة وبنتهاوس في لاس ميساس، إستيبونا، مع مسبحين خارجيين وإطلالات على البحر والجبل.","ابتداءً من 580,000 €","إستيبونا، إستيبونا","ابتداءً من,580,000 €","LEARN_MORE","https://nuevaliving.com/ar/property-mirador-las-mesas.html?utm_source=meta&utm_medium=paid_social&utm_campaign=ar-estepona&utm_content=mirador-las-mesas"
"mirador-las-mesas","nl","Een geheel afgesloten complex van 164 appartementen en penthouses in Las Mesas, Estepona, met twee buitenzwembaden en zee- en bergzicht.","Vanaf € 580.000","Estepona, Estepona","Vanaf,€ 580.000","LEARN_MORE","https://nuevaliving.com/nl/property-mirador-las-mesas.html?utm_source=meta&utm_medium=paid_social&utm_campaign=nl-estepona&utm_content=mirador-las-mesas"
"mirador-las-mesas","pl","Zamknięte osiedle 164 apartamentów i penthouse'ów w Las Mesas, Estepona, z dwoma basenami zewnętrznymi oraz widokiem na morze i góry.","Od 580 000 €","Estepona, Estepona","Od,580 000 €","LEARN_MORE","https://nuevaliving.com/pl/property-mirador-las-mesas.html?utm_source=meta&utm_medium=paid_social&utm_campaign=pl-estepona&utm_content=mirador-las-mesas"
"mirador-las-mesas","no","Et lukket boligområde med 164 leiligheter og takleiligheter i Las Mesas, Estepona, med to utendørs svømmebasseng samt utsikt over hav og fjell.","Fra 580 000 €","Estepona, Estepona","Fra,580 000 €","LEARN_MORE","https://nuevaliving.com/no/property-mirador-las-mesas.html?utm_source=meta&utm_medium=paid_social&utm_campaign=no-estepona&utm_content=mirador-las-mesas"
"mirador-las-mesas","sv","Ett inhägnat bostadsområde med 164 lägenheter och takvåningar i Las Mesas, Estepona, med två utomhuspooler samt hav- och bergsutsikt.","Från 580 000 €","Estepona, Estepona","Från,580 000 €","LEARN_MORE","https://nuevaliving.com/sv/property-mirador-las-mesas.html?utm_source=meta&utm_medium=paid_social&utm_campaign=sv-estepona&utm_content=mirador-las-mesas"
"miramar-urban-residences","en","A 233-home urban resort in Las Lagunas, Mijas, with two outdoor pools, a rooftop skypool, spa, gym and coworking space.","From EUR 458,000","Mijas, Las Lagunas","From,EUR 458,000","LEARN_MORE","https://nuevaliving.com/property-miramar-urban-residences.html?utm_source=meta&utm_medium=paid_social&utm_campaign=en-mijas-fuengirola&utm_content=miramar-urban-residences"
"miramar-urban-residences","es","Un resort urbano de 233 viviendas en Las Lagunas, Mijas, con dos piscinas exteriores, skypool en la azotea, spa, gimnasio y coworking.","Desde 458.000 €","Mijas, Las Lagunas","Desde,458.000 €","LEARN_MORE","https://nuevaliving.com/es/property-miramar-urban-residences.html?utm_source=meta&utm_medium=paid_social&utm_campaign=es-mijas-fuengirola&utm_content=miramar-urban-residences"
"miramar-urban-residences","fr","Un resort urbain de 233 logements à Las Lagunas, Mijas, avec deux piscines extérieures, skypool sur le toit, spa, salle de sport et coworking.","À partir de 458 000 €","Mijas, Las Lagunas","À partir de,458 000 €","LEARN_MORE","https://nuevaliving.com/fr/property-miramar-urban-residences.html?utm_source=meta&utm_medium=paid_social&utm_campaign=fr-mijas-fuengirola&utm_content=miramar-urban-residences"
"miramar-urban-residences","de","Ein urbanes Resort mit 233 Wohnungen in Las Lagunas, Mijas, mit zwei Außenpools, Skypool auf dem Dach, Spa, Fitnessstudio und Coworking.","Ab 458.000 €","Mijas, Las Lagunas","Ab,458.000 €","LEARN_MORE","https://nuevaliving.com/de/property-miramar-urban-residences.html?utm_source=meta&utm_medium=paid_social&utm_campaign=de-mijas-fuengirola&utm_content=miramar-urban-residences"
"miramar-urban-residences","ru","Городской курортный комплекс из 233 резиденций в Лас-Лагунас, Михас, с двумя открытыми бассейнами, скайпулом на крыше, спа, тренажёрным залом и коворкингом.","От 458 000 €","Mijas, Лас-Лагунас","От,458 000 €","LEARN_MORE","https://nuevaliving.com/ru/property-miramar-urban-residences.html?utm_source=meta&utm_medium=paid_social&utm_campaign=ru-mijas-fuengirola&utm_content=miramar-urban-residences"
"miramar-urban-residences","ar","منتجع حضري من 233 وحدة سكنية في لاس لاغوناس، ميخاس، بمسبحين خارجيين ومسبح سماوي وسبا وصالة رياضية ومساحة عمل مشتركة.","ابتداءً من 458,000 €","Mijas، لاس لاغوناس","ابتداءً من,458,000 €","LEARN_MORE","https://nuevaliving.com/ar/property-miramar-urban-residences.html?utm_source=meta&utm_medium=paid_social&utm_campaign=ar-mijas-fuengirola&utm_content=miramar-urban-residences"
"miramar-urban-residences","nl","Een stedelijk resort met 233 woningen in Las Lagunas, Mijas, met twee buitenzwembaden, een skypool op het dak, spa, sportschool en coworkingruimte.","Vanaf € 458.000","Mijas, Las Lagunas","Vanaf,€ 458.000","LEARN_MORE","https://nuevaliving.com/nl/property-miramar-urban-residences.html?utm_source=meta&utm_medium=paid_social&utm_campaign=nl-mijas-fuengirola&utm_content=miramar-urban-residences"
"miramar-urban-residences","pl","Miejski resort z 233 lokalami w Las Lagunas, Mijas, z dwoma basenami zewnętrznymi, basenem na dachu, spa, siłownią i przestrzenią coworkingową.","Od 458 000 €","Mijas, Las Lagunas","Od,458 000 €","LEARN_MORE","https://nuevaliving.com/pl/property-miramar-urban-residences.html?utm_source=meta&utm_medium=paid_social&utm_campaign=pl-mijas-fuengirola&utm_content=miramar-urban-residences"
"miramar-urban-residences","no","Et urbant resort med 233 boliger i Las Lagunas, Mijas, med to utendørs svømmebasseng, et takbasseng, spa, treningssenter og coworking-område.","Fra 458 000 €","Mijas, Las Lagunas","Fra,458 000 €","LEARN_MORE","https://nuevaliving.com/no/property-miramar-urban-residences.html?utm_source=meta&utm_medium=paid_social&utm_campaign=no-mijas-fuengirola&utm_content=miramar-urban-residences"
"miramar-urban-residences","sv","Ett urbant resort med 233 bostäder i Las Lagunas, Mijas, med två utomhuspooler, en takpool, spa, gym och coworkingutrymme.","Från 458 000 €","Mijas, Las Lagunas","Från,458 000 €","LEARN_MORE","https://nuevaliving.com/sv/property-miramar-urban-residences.html?utm_source=meta&utm_medium=paid_social&utm_campaign=sv-mijas-fuengirola&utm_content=miramar-urban-residences"
"nueva-alcantara-residences","en","19 apartments and duplex penthouses in San Pedro Alcántara, a short walk from the beach, with a rooftop pool, gym and solarium.","From €592,200",", San Pedro Alcántara","From,€592,200","LEARN_MORE","https://nuevaliving.com/property-nueva-alcantara-residences.html?utm_source=meta&utm_medium=paid_social&utm_campaign=en-san-pedro-alcantara&utm_content=nueva-alcantara-residences"
"nueva-alcantara-residences","es","19 apartamentos y áticos dúplex en San Pedro Alcántara, a pocos minutos a pie de la playa, con piscina en azotea, gimnasio y solárium.","Desde 592.200 €",", San Pedro Alcántara","From,€592,200","LEARN_MORE","https://nuevaliving.com/es/property-nueva-alcantara-residences.html?utm_source=meta&utm_medium=paid_social&utm_campaign=es-san-pedro-alcantara&utm_content=nueva-alcantara-residences"
"nueva-alcantara-residences","fr","19 appartements et penthouses duplex à San Pedro Alcántara, à quelques minutes à pied de la plage, avec piscine sur le toit, salle de sport et solarium.","À partir de 592 200 €",", San Pedro Alcántara","From,€592,200","LEARN_MORE","https://nuevaliving.com/fr/property-nueva-alcantara-residences.html?utm_source=meta&utm_medium=paid_social&utm_campaign=fr-san-pedro-alcantara&utm_content=nueva-alcantara-residences"
"nueva-alcantara-residences","de","19 Wohnungen und Duplex-Penthäuser in San Pedro Alcántara, nur wenige Gehminuten vom Strand entfernt, mit Dachpool, Fitnessstudio und Solarium.","Ab 592.200 €",", San Pedro Alcántara","From,€592,200","LEARN_MORE","https://nuevaliving.com/de/property-nueva-alcantara-residences.html?utm_source=meta&utm_medium=paid_social&utm_campaign=de-san-pedro-alcantara&utm_content=nueva-alcantara-residences"
"nueva-alcantara-residences","ru","19 апартаментов и пентхаусов-дуплексов в Сан-Педро-Алькантара, в нескольких минутах ходьбы от пляжа, с бассейном на крыше, тренажёрным залом и солярием.","От 592 200 €",", Сан-Педро-Алькантара","From,€592,200","LEARN_MORE","https://nuevaliving.com/ru/property-nueva-alcantara-residences.html?utm_source=meta&utm_medium=paid_social&utm_campaign=ru-san-pedro-alcantara&utm_content=nueva-alcantara-residences"
"nueva-alcantara-residences","ar","19 شقة وبنتهاوس دوبلكس في سان بيدرو ألكانتارا، على بعد دقائق سيرًا من الشاطئ، مع مسبح على السطح وصالة رياضية وسولاريوم.","ابتداءً من 592,200 €","، سان بيدرو ألكانتارا","From,€592,200","LEARN_MORE","https://nuevaliving.com/ar/property-nueva-alcantara-residences.html?utm_source=meta&utm_medium=paid_social&utm_campaign=ar-san-pedro-alcantara&utm_content=nueva-alcantara-residences"
"nueva-alcantara-residences","nl","19 appartementen en dubbele penthouses in San Pedro Alcántara, op korte loopafstand van het strand, met een dakzwembad, sportschool en solarium.","Vanaf € 592.200",", San Pedro Alcántara","From,€592,200","LEARN_MORE","https://nuevaliving.com/nl/property-nueva-alcantara-residences.html?utm_source=meta&utm_medium=paid_social&utm_campaign=nl-san-pedro-alcantara&utm_content=nueva-alcantara-residences"
"nueva-alcantara-residences","pl","19 apartamentów i penthouse'ów dwupoziomowych w San Pedro Alcántara, kilka minut spacerem od plaży, z basenem na dachu, siłownią i solarium.","Od 592 200 €",", San Pedro Alcántara","From,€592,200","LEARN_MORE","https://nuevaliving.com/pl/property-nueva-alcantara-residences.html?utm_source=meta&utm_medium=paid_social&utm_campaign=pl-san-pedro-alcantara&utm_content=nueva-alcantara-residences"
"nueva-alcantara-residences","no","19 leiligheter og duplex-takleiligheter i San Pedro Alcántara, kort gangavstand fra stranden, med et takbasseng, treningssenter og solarium.","Fra 592 200 €",", San Pedro Alcántara","From,€592,200","LEARN_MORE","https://nuevaliving.com/no/property-nueva-alcantara-residences.html?utm_source=meta&utm_medium=paid_social&utm_campaign=no-san-pedro-alcantara&utm_content=nueva-alcantara-residences"
"nueva-alcantara-residences","sv","19 lägenheter och duplex-takvåningar i San Pedro Alcántara, ett kort promenadavstånd från stranden, med en takpool, gym och solarium.","Från 592 200 €",", San Pedro Alcántara","From,€592,200","LEARN_MORE","https://nuevaliving.com/sv/property-nueva-alcantara-residences.html?utm_source=meta&utm_medium=paid_social&utm_campaign=sv-san-pedro-alcantara&utm_content=nueva-alcantara-residences"
"nueva-andalucia-signature-villas","en","Fifteen of twenty-six gated villas still available in central Nueva Andalucía, each with a private infinity pool, a roof solarium and a lower entertainment level.","From EUR 5,550,000","Villas, Nueva Andalucía","5-6 bedrooms","LEARN_MORE","https://nuevaliving.com/property-nueva-andalucia-signature-villas.html?utm_source=meta&utm_medium=paid_social&utm_campaign=en-nueva-andalucia&utm_content=nueva-andalucia-signature-villas"
"nueva-andalucia-signature-villas","es","Quince de veintiséis villas en urbanización cerrada todavía disponibles en el centro de Nueva Andalucía, cada una con piscina infinita privada, solárium y planta inferior de ocio.","Desde 5.550.000 €","Villas, Nueva Andalucía","5-6 dormitorios","LEARN_MORE","https://nuevaliving.com/es/property-nueva-andalucia-signature-villas.html?utm_source=meta&utm_medium=paid_social&utm_campaign=es-nueva-andalucia&utm_content=nueva-andalucia-signature-villas"
"nueva-andalucia-signature-villas","fr","Quinze villas sur vingt-six encore disponibles dans une résidence fermée au cœur de Nueva Andalucía, chacune avec piscine à débordement privative, solarium et niveau inférieur de loisirs.","À partir de 5 550 000 €","Villas, Nueva Andalucía","5-6 chambres","LEARN_MORE","https://nuevaliving.com/fr/property-nueva-andalucia-signature-villas.html?utm_source=meta&utm_medium=paid_social&utm_campaign=fr-nueva-andalucia&utm_content=nueva-andalucia-signature-villas"
"nueva-andalucia-signature-villas","de","Fünfzehn von sechsundzwanzig Villen in einer geschlossenen Anlage im Zentrum von Nueva Andalucía sind noch verfügbar, jede mit eigenem Infinity-Pool, Dachsolarium und einer unteren Freizeitebene.","Ab 5.550.000 €","Villen, Nueva Andalucía","5-6 Schlafzimmer","LEARN_MORE","https://nuevaliving.com/de/property-nueva-andalucia-signature-villas.html?utm_source=meta&utm_medium=paid_social&utm_campaign=de-nueva-andalucia&utm_content=nueva-andalucia-signature-villas"
"nueva-andalucia-signature-villas","ru","Пятнадцать из двадцати шести вилл в закрытом комплексе в центре Нуэва-Андалусии ещё доступны: у каждой собственный бассейн-инфинити, солярий на крыше и нижний уровень для отдыха.","От 5 550 000 €","Виллы, Нуэва-Андалусия","5-6 спальни","LEARN_MORE","https://nuevaliving.com/ru/property-nueva-andalucia-signature-villas.html?utm_source=meta&utm_medium=paid_social&utm_campaign=ru-nueva-andalucia&utm_content=nueva-andalucia-signature-villas"
"nueva-andalucia-signature-villas","ar","خمس عشرة فيلا من أصل ست وعشرين في مجمّع مغلق ما زالت متاحة في وسط نويفا أندالوسيا، لكل منها مسبح لانهائي خاص وسولاريوم على السطح ومستوى سفلي للترفيه.","ابتداءً من 5,550,000 €","فلل، نويفا أندلوسيا","5-6 غرف نوم","LEARN_MORE","https://nuevaliving.com/ar/property-nueva-andalucia-signature-villas.html?utm_source=meta&utm_medium=paid_social&utm_campaign=ar-nueva-andalucia&utm_content=nueva-andalucia-signature-villas"
"nueva-andalucia-signature-villas","nl","Vijftien van de zesentwintig villa’s in een gesloten complex nog beschikbaar in het centrum van Nueva Andalucía, elk met een eigen infinity pool, een dakterras en een onderste ontspanningslaag.","Vanaf € 5.550.000","Villa's, Nueva Andalucía","5-6 slaapkamers","LEARN_MORE","https://nuevaliving.com/nl/property-nueva-andalucia-signature-villas.html?utm_source=meta&utm_medium=paid_social&utm_campaign=nl-nueva-andalucia&utm_content=nueva-andalucia-signature-villas"
"nueva-andalucia-signature-villas","pl","Piętnaście z dwudziestu sześciu willi w zamkniętym osiedlu wciąż dostępnych w centrum Nueva Andalucía, każda z prywatnym basenem infinity, solarium na dachu i dolną kondygnacją rozrywkową.","Od 5 550 000 €","Wille, Nueva Andalucía","5-6 sypialnie","LEARN_MORE","https://nuevaliving.com/pl/property-nueva-andalucia-signature-villas.html?utm_source=meta&utm_medium=paid_social&utm_campaign=pl-nueva-andalucia&utm_content=nueva-andalucia-signature-villas"
"nueva-andalucia-signature-villas","no","Femten av tjueseks villaer i et portert anlegg er fortsatt ledige midt i Nueva Andalucía, hver med eget infinity-basseng, solterrasse og et nedre underholdningsplan.","Fra 5 550 000 €","Villaer, Nueva Andalucía","5-6 soverom","LEARN_MORE","https://nuevaliving.com/no/property-nueva-andalucia-signature-villas.html?utm_source=meta&utm_medium=paid_social&utm_campaign=no-nueva-andalucia&utm_content=nueva-andalucia-signature-villas"
"nueva-andalucia-signature-villas","sv","Femton av tjugosex villor i ett grindat område är fortfarande lediga mitt i Nueva Andalucía, var och en med egen infinitypool, solterrass och ett undre nöjesplan.","Från 5 550 000 €","Villor, Nueva Andalucía","5-6 sovrum","LEARN_MORE","https://nuevaliving.com/sv/property-nueva-andalucia-signature-villas.html?utm_source=meta&utm_medium=paid_social&utm_campaign=sv-nueva-andalucia&utm_content=nueva-andalucia-signature-villas"
"nueva-andalucia-villa-collection","en","A boutique collection of just 8 villas in Nueva Andalucía, interior-designed by a world-renowned Italian luxury fashion house.","From €11,500,000",", Nueva Andalucía","From,€11,500,000","LEARN_MORE","https://nuevaliving.com/property-nueva-andalucia-villa-collection.html?utm_source=meta&utm_medium=paid_social&utm_campaign=en-nueva-andalucia&utm_content=nueva-andalucia-villa-collection"
"nueva-andalucia-villa-collection","es","Una colección exclusiva de solo 8 villas en Nueva Andalucía, con interiorismo de una firma italiana de moda de lujo de renombre mundial.","Desde 11.500.000 €",", Nueva Andalucía","From,€11,500,000","LEARN_MORE","https://nuevaliving.com/es/property-nueva-andalucia-villa-collection.html?utm_source=meta&utm_medium=paid_social&utm_campaign=es-nueva-andalucia&utm_content=nueva-andalucia-villa-collection"
"nueva-andalucia-villa-collection","fr","Une collection confidentielle de seulement 8 villas à Nueva Andalucía, à la décoration intérieure signée par une maison de mode de luxe italienne de renommée mondiale.","À partir de 11 500 000 €",", Nueva Andalucía","From,€11,500,000","LEARN_MORE","https://nuevaliving.com/fr/property-nueva-andalucia-villa-collection.html?utm_source=meta&utm_medium=paid_social&utm_campaign=fr-nueva-andalucia&utm_content=nueva-andalucia-villa-collection"
"nueva-andalucia-villa-collection","de","Eine exklusive Kollektion von nur 8 Villen in Nueva Andalucía, deren Interieur von einem weltbekannten italienischen Luxusmodehaus gestaltet wurde.","Ab 11.500.000 €",", Nueva Andalucía","From,€11,500,000","LEARN_MORE","https://nuevaliving.com/de/property-nueva-andalucia-villa-collection.html?utm_source=meta&utm_medium=paid_social&utm_campaign=de-nueva-andalucia&utm_content=nueva-andalucia-villa-collection"
"nueva-andalucia-villa-collection","ru","Эксклюзивная коллекция всего из 8 вилл в Нуэва-Андалусии, интерьеры которых оформлены всемирно известным итальянским домом моды класса люкс.","От 11 500 000 €",", Нуэва-Андалусия","From,€11,500,000","LEARN_MORE","https://nuevaliving.com/ru/property-nueva-andalucia-villa-collection.html?utm_source=meta&utm_medium=paid_social&utm_campaign=ru-nueva-andalucia&utm_content=nueva-andalucia-villa-collection"
"nueva-andalucia-villa-collection","ar","مجموعة بوتيكية من 8 فلل فقط في نويفا أندلوثيا، صمّم داخليتها دار أزياء إيطالية فاخرة عالمية الشهرة.","بدءًا من 11,500,000 €","، نويفا أندلوثيا","From,€11,500,000","LEARN_MORE","https://nuevaliving.com/ar/property-nueva-andalucia-villa-collection.html?utm_source=meta&utm_medium=paid_social&utm_campaign=ar-nueva-andalucia&utm_content=nueva-andalucia-villa-collection"
"nueva-andalucia-villa-collection","nl","Een exclusieve collectie van slechts 8 villa's in Nueva Andalucía, met interieurontwerp van een wereldberoemd Italiaans luxe modehuis.","Vanaf € 11.500.000",", Nueva Andalucía","From,€11,500,000","LEARN_MORE","https://nuevaliving.com/nl/property-nueva-andalucia-villa-collection.html?utm_source=meta&utm_medium=paid_social&utm_campaign=nl-nueva-andalucia&utm_content=nueva-andalucia-villa-collection"
"nueva-andalucia-villa-collection","pl","Butikowa kolekcja zaledwie 8 will w Nueva Andalucía, z wnętrzami zaprojektowanymi przez światowej sławy włoski dom mody luksusowej.","Od 11 500 000 €",", Nueva Andalucía","From,€11,500,000","LEARN_MORE","https://nuevaliving.com/pl/property-nueva-andalucia-villa-collection.html?utm_source=meta&utm_medium=paid_social&utm_campaign=pl-nueva-andalucia&utm_content=nueva-andalucia-villa-collection"
"nueva-andalucia-villa-collection","no","En eksklusiv samling på bare 8 villaer i Nueva Andalucía, med interiørdesign av et verdenskjent italiensk luksusmotehus.","Fra 11 500 000 €",", Nueva Andalucía","From,€11,500,000","LEARN_MORE","https://nuevaliving.com/no/property-nueva-andalucia-villa-collection.html?utm_source=meta&utm_medium=paid_social&utm_campaign=no-nueva-andalucia&utm_content=nueva-andalucia-villa-collection"
"nueva-andalucia-villa-collection","sv","En exklusiv samling av bara 8 villor i Nueva Andalucía, med interiördesign av ett världsberömt italienskt lyxmodehus.","Från 11 500 000 €",", Nueva Andalucía","From,€11,500,000","LEARN_MORE","https://nuevaliving.com/sv/property-nueva-andalucia-villa-collection.html?utm_source=meta&utm_medium=paid_social&utm_campaign=sv-nueva-andalucia&utm_content=nueva-andalucia-villa-collection"
"rio-real-townhouses","en","27 completed houses in Rio Real: 4 and 5 bedroom semi-detached homes from EUR 1.89m, plus Villa 27, a detached 6-bedroom villa at EUR 4.95m.","From €1,890,000",", Rio Real","From,€1,890,000","LEARN_MORE","https://nuevaliving.com/property-rio-real-townhouses.html?utm_source=meta&utm_medium=paid_social&utm_campaign=en-marbella&utm_content=rio-real-townhouses"
"rio-real-townhouses","es","27 casas terminadas en Rio Real: adosados de 4 y 5 dormitorios desde 1,89 M€, más la Villa 27, una villa independiente de 6 dormitorios por 4,95 M€.","Desde 1.890.000 €",", Rio Real","From,€1,890,000","LEARN_MORE","https://nuevaliving.com/es/property-rio-real-townhouses.html?utm_source=meta&utm_medium=paid_social&utm_campaign=es-marbella&utm_content=rio-real-townhouses"
"rio-real-townhouses","fr","27 maisons achevées à Rio Real : mitoyennes de 4 et 5 chambres à partir de 1,89 M€, plus la Villa 27, une villa indépendante de 6 chambres à 4,95 M€.","À partir de 1 890 000 €",", Rio Real","From,€1,890,000","LEARN_MORE","https://nuevaliving.com/fr/property-rio-real-townhouses.html?utm_source=meta&utm_medium=paid_social&utm_campaign=fr-marbella&utm_content=rio-real-townhouses"
"rio-real-townhouses","de","27 fertiggestellte Häuser in Rio Real: Doppelhaushälften mit 4 und 5 Schlafzimmern ab 1,89 Mio. EUR, dazu Villa 27, eine freistehende Villa mit 6 Schlafzimmern für 4,95 Mio. EUR.","Ab 1.890.000 €",", Rio Real","From,€1,890,000","LEARN_MORE","https://nuevaliving.com/de/property-rio-real-townhouses.html?utm_source=meta&utm_medium=paid_social&utm_campaign=de-marbella&utm_content=rio-real-townhouses"
"rio-real-townhouses","ru","27 готовых домов в Рио-Реаль: таунхаусы на 4 и 5 спален от 1,89 млн €, а также вилла 27 — отдельно стоящая вилла на 6 спален за 4,95 млн €.","От 1 890 000 €",", Рио-Реаль","From,€1,890,000","LEARN_MORE","https://nuevaliving.com/ru/property-rio-real-townhouses.html?utm_source=meta&utm_medium=paid_social&utm_campaign=ru-marbella&utm_content=rio-real-townhouses"
"rio-real-townhouses","ar","27 منزلاً مكتملاً في ريو ريال: منازل شبه منفصلة بأربع وخمس غرف نوم ابتداءً من 1.89 مليون يورو، إضافة إلى فيلا 27، فيلا منفصلة بست غرف نوم بسعر 4.95 مليون يورو.","ابتداءً من 1,890,000 €","، ريو ريال","From,€1,890,000","LEARN_MORE","https://nuevaliving.com/ar/property-rio-real-townhouses.html?utm_source=meta&utm_medium=paid_social&utm_campaign=ar-marbella&utm_content=rio-real-townhouses"
"rio-real-townhouses","nl","27 afgeronde woningen in Rio Real: halfvrijstaande huizen met 4 en 5 slaapkamers vanaf € 1,89 miljoen, plus Villa 27, een vrijstaande villa met 6 slaapkamers voor € 4,95 miljoen.","Vanaf € 1.890.000",", Rio Real","From,€1,890,000","LEARN_MORE","https://nuevaliving.com/nl/property-rio-real-townhouses.html?utm_source=meta&utm_medium=paid_social&utm_campaign=nl-marbella&utm_content=rio-real-townhouses"
"rio-real-townhouses","pl","27 ukończonych domów w Rio Real: domy bliźniacze z 4 i 5 sypialniami od 1,89 mln EUR, plus Willa 27, wolnostojąca willa z 6 sypialniami za 4,95 mln EUR.","Od 1 890 000 €",", Rio Real","From,€1,890,000","LEARN_MORE","https://nuevaliving.com/pl/property-rio-real-townhouses.html?utm_source=meta&utm_medium=paid_social&utm_campaign=pl-marbella&utm_content=rio-real-townhouses"
"rio-real-townhouses","no","27 ferdigstilte hus i Rio Real: rekkehus med 4 og 5 soverom fra 1,89 mill. EUR, pluss Villa 27, en frittstående villa med 6 soverom for 4,95 mill. EUR.","Fra 1 890 000 €",", Rio Real","From,€1,890,000","LEARN_MORE","https://nuevaliving.com/no/property-rio-real-townhouses.html?utm_source=meta&utm_medium=paid_social&utm_campaign=no-marbella&utm_content=rio-real-townhouses"
"rio-real-townhouses","sv","27 färdigställda hus i Rio Real: parhus med 4 och 5 sovrum från 1,89 miljoner EUR, plus Villa 27, en fristående villa med 6 sovrum för 4,95 miljoner EUR.","Från 1 890 000 €",", Rio Real","From,€1,890,000","LEARN_MORE","https://nuevaliving.com/sv/property-rio-real-townhouses.html?utm_source=meta&utm_medium=paid_social&utm_campaign=sv-marbella&utm_content=rio-real-townhouses"
"salto-del-agua-residences","en","Fifteen three-bedroom apartments still available in the centre of San Pedro Alcántara, with parking, storage and underfloor heating in the price.","From EUR 469,200","Apartments, San Pedro Alcántara","3 bedrooms","LEARN_MORE","https://nuevaliving.com/property-salto-del-agua-residences.html?utm_source=meta&utm_medium=paid_social&utm_campaign=en-san-pedro-alcantara&utm_content=salto-del-agua-residences"
"salto-del-agua-residences","es","Quince apartamentos de tres dormitorios aún disponibles en el centro de San Pedro Alcántara, con garaje, trastero y suelo radiante incluidos en el precio.","Desde 469.200 €","Apartamentos, San Pedro Alcántara","3 dormitorios","LEARN_MORE","https://nuevaliving.com/es/property-salto-del-agua-residences.html?utm_source=meta&utm_medium=paid_social&utm_campaign=es-san-pedro-alcantara&utm_content=salto-del-agua-residences"
"salto-del-agua-residences","fr","Quinze appartements de trois chambres encore disponibles au centre de San Pedro Alcántara, avec parking, débarras et plancher chauffant compris dans le prix.","À partir de 469 200 €","Appartements, San Pedro Alcántara","3 chambres","LEARN_MORE","https://nuevaliving.com/fr/property-salto-del-agua-residences.html?utm_source=meta&utm_medium=paid_social&utm_campaign=fr-san-pedro-alcantara&utm_content=salto-del-agua-residences"
"salto-del-agua-residences","de","Fünfzehn noch verfügbare Dreizimmerwohnungen im Zentrum von San Pedro Alcántara, mit Stellplatz, Abstellraum und Fußbodenheizung im Preis.","Ab 469.200 €","Wohnungen, San Pedro Alcántara","3 Schlafzimmer","LEARN_MORE","https://nuevaliving.com/de/property-salto-del-agua-residences.html?utm_source=meta&utm_medium=paid_social&utm_campaign=de-san-pedro-alcantara&utm_content=salto-del-agua-residences"
"salto-del-agua-residences","ru","Пятнадцать трёхкомнатных квартир, ещё доступных в центре Сан-Педро-Алькантара, с парковкой, кладовой и тёплым полом в цене.","От 469 200 €","Апартаменты, San Pedro Alcántara","3 спальни","LEARN_MORE","https://nuevaliving.com/ru/property-salto-del-agua-residences.html?utm_source=meta&utm_medium=paid_social&utm_campaign=ru-san-pedro-alcantara&utm_content=salto-del-agua-residences"
"salto-del-agua-residences","ar","خمس عشرة شقة بثلاث غرف نوم ما زالت متاحة في وسط سان بيدرو ألكانتارا، مع موقف ومخزن وتدفئة أرضية ضمن السعر.","ابتداءً من 469,200 €","شقق، San Pedro Alcántara","3 غرف نوم","LEARN_MORE","https://nuevaliving.com/ar/property-salto-del-agua-residences.html?utm_source=meta&utm_medium=paid_social&utm_campaign=ar-san-pedro-alcantara&utm_content=salto-del-agua-residences"
"salto-del-agua-residences","nl","Vijftien appartementen met drie slaapkamers nog beschikbaar in het centrum van San Pedro Alcántara, met parkeerplaats, berging en vloerverwarming in de prijs.","Vanaf € 469.200","Appartementen, San Pedro Alcántara","3 slaapkamers","LEARN_MORE","https://nuevaliving.com/nl/property-salto-del-agua-residences.html?utm_source=meta&utm_medium=paid_social&utm_campaign=nl-san-pedro-alcantara&utm_content=salto-del-agua-residences"
"salto-del-agua-residences","pl","Piętnaście mieszkań z trzema sypialniami wciąż dostępnych w centrum San Pedro Alcántara, z miejscem postojowym, komórką i ogrzewaniem podłogowym w cenie.","Od 469 200 €","Apartamenty, San Pedro Alcántara","3 sypialnie","LEARN_MORE","https://nuevaliving.com/pl/property-salto-del-agua-residences.html?utm_source=meta&utm_medium=paid_social&utm_campaign=pl-san-pedro-alcantara&utm_content=salto-del-agua-residences"
"salto-del-agua-residences","no","Femten leiligheter med tre soverom fortsatt tilgjengelige i sentrum av San Pedro Alcántara, med garasjeplass, bod og gulvvarme i prisen.","Fra 469 200 €","Leiligheter, San Pedro Alcántara","3 soverom","LEARN_MORE","https://nuevaliving.com/no/property-salto-del-agua-residences.html?utm_source=meta&utm_medium=paid_social&utm_campaign=no-san-pedro-alcantara&utm_content=salto-del-agua-residences"
"salto-del-agua-residences","sv","Femton lägenheter med tre sovrum fortfarande tillgängliga i centrala San Pedro Alcántara, med garageplats, förråd och golvvärme i priset.","Från 469 200 €","Lägenheter, San Pedro Alcántara","3 sovrum","LEARN_MORE","https://nuevaliving.com/sv/property-salto-del-agua-residences.html?utm_source=meta&utm_medium=paid_social&utm_campaign=sv-san-pedro-alcantara&utm_content=salto-del-agua-residences"
"selwo-panorama-residences","en","Thirty-seven sea-facing apartments and penthouses on the New Golden Mile, with deep terraces, two pools, a spa and a gym.","From €1,442,000 + VAT","Estepona, New Golden Mile","From,€1,442,000","LEARN_MORE","https://nuevaliving.com/property-selwo-panorama-residences.html?utm_source=meta&utm_medium=paid_social&utm_campaign=en-estepona&utm_content=selwo-panorama-residences"
"selwo-panorama-residences","es","Treinta y siete viviendas y áticos orientados al mar en la Nueva Milla de Oro, con terrazas profundas, dos piscinas, spa y gimnasio.","Desde 1.442.000 € + IVA","Estepona, Nueva Milla de Oro","Desde,1.442.000 €","LEARN_MORE","https://nuevaliving.com/es/property-selwo-panorama-residences.html?utm_source=meta&utm_medium=paid_social&utm_campaign=es-estepona&utm_content=selwo-panorama-residences"
"selwo-panorama-residences","fr","Trente-sept appartements et penthouses face à la mer sur la Nouvelle Mille d’Or, avec de profondes terrasses, deux piscines, un spa et une salle de sport.","À partir de 1 442 000 € + TVA","Estepona, New Golden Mile","À partir de,1 442 000 €","LEARN_MORE","https://nuevaliving.com/fr/property-selwo-panorama-residences.html?utm_source=meta&utm_medium=paid_social&utm_campaign=fr-estepona&utm_content=selwo-panorama-residences"
"selwo-panorama-residences","de","Siebenunddreißig zum Meer ausgerichtete Wohnungen und Penthäuser an der Neuen Goldenen Meile, mit tiefen Terrassen, zwei Pools, Spa und Fitnessraum.","Ab 1.442.000 € + MwSt.","Estepona, New Golden Mile","Ab,1.442.000 €","LEARN_MORE","https://nuevaliving.com/de/property-selwo-panorama-residences.html?utm_source=meta&utm_medium=paid_social&utm_campaign=de-estepona&utm_content=selwo-panorama-residences"
"selwo-panorama-residences","ru","Тридцать семь обращённых к морю квартир и пентхаусов на Новой Золотой миле, с глубокими террасами, двумя бассейнами, спа и спортзалом.","От 1 442 000 € + НДС","Эстепона, Новая Золотая Миля","От,1 442 000 €","LEARN_MORE","https://nuevaliving.com/ru/property-selwo-panorama-residences.html?utm_source=meta&utm_medium=paid_social&utm_campaign=ru-estepona&utm_content=selwo-panorama-residences"
"selwo-panorama-residences","ar","سبع وثلاثون شقة وبنتهاوس مطلة على البحر في الميل الذهبي الجديد، بشرفات عميقة ومسبحين وسبا وصالة رياضة.","من 1,442,000 € + ضريبة القيمة المضافة","إستيبونا، نيو غولدن مايل","ابتداءً من,1,442,000 €","LEARN_MORE","https://nuevaliving.com/ar/property-selwo-panorama-residences.html?utm_source=meta&utm_medium=paid_social&utm_campaign=ar-estepona&utm_content=selwo-panorama-residences"
"selwo-panorama-residences","nl","Zevenendertig op zee gerichte appartementen en penthouses aan de New Golden Mile, met diepe terrassen, twee zwembaden, een spa en een fitnessruimte.","Vanaf € 1.442.000 + btw","Estepona, New Golden Mile","Vanaf,€ 1.442.000","LEARN_MORE","https://nuevaliving.com/nl/property-selwo-panorama-residences.html?utm_source=meta&utm_medium=paid_social&utm_campaign=nl-estepona&utm_content=selwo-panorama-residences"
"selwo-panorama-residences","pl","Trzydzieści siedem mieszkań i penthouse'ów zwróconych ku morzu przy New Golden Mile, z głębokimi tarasami, dwoma basenami, spa i siłownią.","Od 1 442 000 € + VAT","Estepona, Nowa Złota Mila","Od,1 442 000 €","LEARN_MORE","https://nuevaliving.com/pl/property-selwo-panorama-residences.html?utm_source=meta&utm_medium=paid_social&utm_campaign=pl-estepona&utm_content=selwo-panorama-residences"
"selwo-panorama-residences","no","Trettisju havvendte leiligheter og toppleiligheter på New Golden Mile, med dype terrasser, to bassenger, spa og treningsrom.","Fra 1 442 000 € + mva","Estepona, New Golden Mile","Fra,1 442 000 €","LEARN_MORE","https://nuevaliving.com/no/property-selwo-panorama-residences.html?utm_source=meta&utm_medium=paid_social&utm_campaign=no-estepona&utm_content=selwo-panorama-residences"
"selwo-panorama-residences","sv","Trettiosju havsvända lägenheter och takvåningar på New Golden Mile, med djupa terrasser, två pooler, spa och gym.","Från 1 442 000 € + moms","Estepona, New Golden Mile","Från,1 442 000 €","LEARN_MORE","https://nuevaliving.com/sv/property-selwo-panorama-residences.html?utm_source=meta&utm_medium=paid_social&utm_campaign=sv-estepona&utm_content=selwo-panorama-residences"
"sierra-bermeja-residences","en","36 two- and three-bedroom apartments stepping down a hillside in Casares, each with a garage space, storeroom and terrace.","From EUR 305,000 + VAT","Casares, Casares","From,EUR 305,000","LEARN_MORE","https://nuevaliving.com/property-sierra-bermeja-residences.html?utm_source=meta&utm_medium=paid_social&utm_campaign=en-casares&utm_content=sierra-bermeja-residences"
"sierra-bermeja-residences","es","36 apartamentos de dos y tres dormitorios escalonados en una ladera de Casares, cada uno con plaza de garaje, trastero y terraza.","Desde 305.000 € + IVA","Casares, Casares","Desde,305.000 €","LEARN_MORE","https://nuevaliving.com/es/property-sierra-bermeja-residences.html?utm_source=meta&utm_medium=paid_social&utm_campaign=es-casares&utm_content=sierra-bermeja-residences"
"sierra-bermeja-residences","fr","36 appartements de deux et trois chambres étagés dans une pente à Casares, chacun avec place de parking, cellier et terrasse.","À partir de 305 000 € + TVA","Casares, Casares","À partir de,305 000 €","LEARN_MORE","https://nuevaliving.com/fr/property-sierra-bermeja-residences.html?utm_source=meta&utm_medium=paid_social&utm_campaign=fr-casares&utm_content=sierra-bermeja-residences"
"sierra-bermeja-residences","de","36 Wohnungen mit zwei und drei Schlafzimmern, gestaffelt an einem Hang in Casares, jede mit Garagenstellplatz, Abstellraum und Terrasse.","Ab 305.000 € + MwSt.","Casares, Casares","Ab,305.000 €","LEARN_MORE","https://nuevaliving.com/de/property-sierra-bermeja-residences.html?utm_source=meta&utm_medium=paid_social&utm_campaign=de-casares&utm_content=sierra-bermeja-residences"
"sierra-bermeja-residences","ru","36 апартаментов с двумя и тремя спальнями, спускающихся по склону в Касаресе, каждый с местом в гараже, кладовой и террасой.","От 305 000 € + НДС","Casares, Касарес","От,305 000 €","LEARN_MORE","https://nuevaliving.com/ru/property-sierra-bermeja-residences.html?utm_source=meta&utm_medium=paid_social&utm_campaign=ru-casares&utm_content=sierra-bermeja-residences"
"sierra-bermeja-residences","ar","36 شقة بغرفتَي وثلاث غرف نوم تتدرج على منحدر في كاساريس، ولكل منها موقف في المرآب ومخزن وتراس.","من 305,000 € + ضريبة القيمة المضافة","Casares، كاساريس","من,305,000 €","LEARN_MORE","https://nuevaliving.com/ar/property-sierra-bermeja-residences.html?utm_source=meta&utm_medium=paid_social&utm_campaign=ar-casares&utm_content=sierra-bermeja-residences"
"sierra-bermeja-residences","nl","36 appartementen met twee en drie slaapkamers, getrapt tegen een heuvel in Casares, elk met parkeerplaats, berging en terras.","Vanaf € 305.000 + btw","Casares, Casares","Vanaf,€ 305.000","LEARN_MORE","https://nuevaliving.com/nl/property-sierra-bermeja-residences.html?utm_source=meta&utm_medium=paid_social&utm_campaign=nl-casares&utm_content=sierra-bermeja-residences"
"sierra-bermeja-residences","pl","36 apartamentów z dwiema i trzema sypialniami, tarasowo rozmieszczonych na zboczu wzgórza w Casares, każdy z miejscem garażowym, pomieszczeniem gospodarczym i tarasem.","Od 305 000 € + VAT","Casares, Casares","Od,305 000 €","LEARN_MORE","https://nuevaliving.com/pl/property-sierra-bermeja-residences.html?utm_source=meta&utm_medium=paid_social&utm_campaign=pl-casares&utm_content=sierra-bermeja-residences"
"sierra-bermeja-residences","no","36 leiligheter med to og tre soverom, trappet ned en skråning i Casares, hver med garasjeplass, bod og terrasse.","Fra 305 000 € + mva","Casares, Casares","Fra,305 000 €","LEARN_MORE","https://nuevaliving.com/no/property-sierra-bermeja-residences.html?utm_source=meta&utm_medium=paid_social&utm_campaign=no-casares&utm_content=sierra-bermeja-residences"
"sierra-bermeja-residences","sv","36 lägenheter med två och tre sovrum, terrasserade nedför en sluttning i Casares, var och en med garageplats, förråd och terrass.","Från 305 000 € + moms","Casares, Casares","Från,305 000 €","LEARN_MORE","https://nuevaliving.com/sv/property-sierra-bermeja-residences.html?utm_source=meta&utm_medium=paid_social&utm_campaign=sv-casares&utm_content=sierra-bermeja-residences"
"torremuelle-horizon-residences","en","A gated collection of 28 three-bedroom homes in Torremuelle, Benalmadena, a short walk from the beach, with an infinity pool and wellness centre.","From EUR 750,000","Benalmadena, Benalmadena","From,EUR 750,000","LEARN_MORE","https://nuevaliving.com/property-torremuelle-horizon-residences.html?utm_source=meta&utm_medium=paid_social&utm_campaign=en-mijas-fuengirola&utm_content=torremuelle-horizon-residences"
"torremuelle-horizon-residences","es","Un conjunto cerrado de 28 viviendas de 3 dormitorios en Torremuelle, Benalmádena, a poca distancia de la playa, con piscina infinita y centro de bienestar.","Desde 750.000 €","Benalmádena, Benalmádena","Desde,750.000 €","LEARN_MORE","https://nuevaliving.com/es/property-torremuelle-horizon-residences.html?utm_source=meta&utm_medium=paid_social&utm_campaign=es-mijas-fuengirola&utm_content=torremuelle-horizon-residences"
"torremuelle-horizon-residences","fr","Un ensemble fermé de 28 logements de 3 chambres à Torremuelle, Benalmadena, à quelques pas de la plage, avec piscine à débordement et centre de bien-être.","À partir de 750 000 €","Benalmadena, Benalmadena","À partir de,750 000 €","LEARN_MORE","https://nuevaliving.com/fr/property-torremuelle-horizon-residences.html?utm_source=meta&utm_medium=paid_social&utm_campaign=fr-mijas-fuengirola&utm_content=torremuelle-horizon-residences"
"torremuelle-horizon-residences","de","Eine geschlossene Wohnanlage mit 28 Drei-Zimmer-Wohnungen in Torremuelle, Benalmadena, nur wenige Gehminuten vom Strand, mit Infinity-Pool und Wellnessbereich.","Ab 750.000 €","Benalmadena, Benalmadena","Ab,750.000 €","LEARN_MORE","https://nuevaliving.com/de/property-torremuelle-horizon-residences.html?utm_source=meta&utm_medium=paid_social&utm_campaign=de-mijas-fuengirola&utm_content=torremuelle-horizon-residences"
"torremuelle-horizon-residences","ru","Закрытый комплекс из 28 квартир с 3 спальнями в Торремуэлье, Бенальмадена, в нескольких минутах ходьбы от пляжа, с бесконечным бассейном и спа-центром.","От 750 000 €","Бенальмадена, Бенальмадена","От,750 000 €","LEARN_MORE","https://nuevaliving.com/ru/property-torremuelle-horizon-residences.html?utm_source=meta&utm_medium=paid_social&utm_campaign=ru-mijas-fuengirola&utm_content=torremuelle-horizon-residences"
"torremuelle-horizon-residences","ar","مجمع مسور من 28 وحدة بثلاث غرف نوم في توريموييه، بينالمادينا، على بعد دقائق سيرًا من الشاطئ، مع مسبح لامتناهي ومركز عافية.","ابتداءً من 750,000 €","بينالمادينا، بينالمادينا","ابتداءً من,750,000 €","LEARN_MORE","https://nuevaliving.com/ar/property-torremuelle-horizon-residences.html?utm_source=meta&utm_medium=paid_social&utm_campaign=ar-mijas-fuengirola&utm_content=torremuelle-horizon-residences"
"torremuelle-horizon-residences","nl","Een besloten wooncomplex van 28 woningen met drie slaapkamers in Torremuelle, Benalmádena, op loopafstand van het strand, met infinitypool en wellnesscentrum.","Vanaf € 750.000","Benalmádena, Benalmádena","Vanaf,€ 750.000","LEARN_MORE","https://nuevaliving.com/nl/property-torremuelle-horizon-residences.html?utm_source=meta&utm_medium=paid_social&utm_campaign=nl-mijas-fuengirola&utm_content=torremuelle-horizon-residences"
"torremuelle-horizon-residences","pl","Zamknięte osiedle 28 trzysypialniowych domów w Torremuelle, Benalmádena, w krótkim spacerze od plaży, z basenem infinity i centrum wellness.","Od 750 000 €","Benalmádena, Benalmádena","Od,750 000 €","LEARN_MORE","https://nuevaliving.com/pl/property-torremuelle-horizon-residences.html?utm_source=meta&utm_medium=paid_social&utm_campaign=pl-mijas-fuengirola&utm_content=torremuelle-horizon-residences"
"torremuelle-horizon-residences","no","En lukket samling av 28 boliger med tre soverom i Torremuelle, Benalmádena, en kort spasertur fra stranden, med infinitybasseng og velværesenter.","Fra 750 000 €","Benalmádena, Benalmádena","Fra,750 000 €","LEARN_MORE","https://nuevaliving.com/no/property-torremuelle-horizon-residences.html?utm_source=meta&utm_medium=paid_social&utm_campaign=no-mijas-fuengirola&utm_content=torremuelle-horizon-residences"
"torremuelle-horizon-residences","sv","En inhägnad samling av 28 bostäder med tre sovrum i Torremuelle, Benalmádena, en kort promenad från stranden, med infinitypool och wellnesscenter.","Från 750 000 €","Benalmádena, Benalmádena","Från,750 000 €","LEARN_MORE","https://nuevaliving.com/sv/property-torremuelle-horizon-residences.html?utm_source=meta&utm_medium=paid_social&utm_campaign=sv-mijas-fuengirola&utm_content=torremuelle-horizon-residences"
"valle-romano-hilltop-villas","en","Five detached villas on the high side of Valle Romano, each on its own plot with a private pool, a solarium and views over the golf course to the sea.","From €1,590,000 + VAT","Estepona, Valle Romano","From,€1,590,000","LEARN_MORE","https://nuevaliving.com/property-valle-romano-hilltop-villas.html?utm_source=meta&utm_medium=paid_social&utm_campaign=en-estepona&utm_content=valle-romano-hilltop-villas"
"valle-romano-hilltop-villas","es","Cinco villas independientes en la parte alta de Valle Romano, cada una en su propia parcela con piscina privada, solárium y vistas sobre el campo de golf hasta el mar.","Desde 1.590.000 € + IVA","Estepona, Valle Romano","Desde,1.590.000 €","LEARN_MORE","https://nuevaliving.com/es/property-valle-romano-hilltop-villas.html?utm_source=meta&utm_medium=paid_social&utm_campaign=es-estepona&utm_content=valle-romano-hilltop-villas"
"valle-romano-hilltop-villas","fr","Cinq villas individuelles sur la partie haute de Valle Romano, chacune sur son propre terrain avec piscine privée, solarium et vue par-dessus le golf jusqu’à la mer.","À partir de 1 590 000 € + TVA","Estepona, Valle Romano","À partir de,1 590 000 €","LEARN_MORE","https://nuevaliving.com/fr/property-valle-romano-hilltop-villas.html?utm_source=meta&utm_medium=paid_social&utm_campaign=fr-estepona&utm_content=valle-romano-hilltop-villas"
"valle-romano-hilltop-villas","de","Fünf freistehende Villen im oberen Teil von Valle Romano, jede auf eigenem Grundstück mit Privatpool, Dachterrasse und Blick über den Golfplatz bis zum Meer.","Ab 1.590.000 € + MwSt.","Estepona, Valle Romano","Ab,1.590.000 €","LEARN_MORE","https://nuevaliving.com/de/property-valle-romano-hilltop-villas.html?utm_source=meta&utm_medium=paid_social&utm_campaign=de-estepona&utm_content=valle-romano-hilltop-villas"
"valle-romano-hilltop-villas","ru","Пять отдельно стоящих вилл в верхней части Валле-Романо, каждая на собственном участке, с частным бассейном, солярием и видом поверх поля для гольфа на море.","От 1 590 000 € + НДС","Эстепона, Валле-Романо","От,1 590 000 €","LEARN_MORE","https://nuevaliving.com/ru/property-valle-romano-hilltop-villas.html?utm_source=meta&utm_medium=paid_social&utm_campaign=ru-estepona&utm_content=valle-romano-hilltop-villas"
"valle-romano-hilltop-villas","ar","خمس فلل مستقلة في الجزء المرتفع من فايي رومانو، كل منها على أرضها الخاصة مع مسبح خاص وسطح علوي وإطلالة فوق ملعب الغولف حتى البحر.","من 1,590,000 € + ضريبة القيمة المضافة","إستيبونا، فايي رومانو","ابتداءً من,1,590,000 €","LEARN_MORE","https://nuevaliving.com/ar/property-valle-romano-hilltop-villas.html?utm_source=meta&utm_medium=paid_social&utm_campaign=ar-estepona&utm_content=valle-romano-hilltop-villas"
"valle-romano-hilltop-villas","nl","Vijf vrijstaande villa's op het hoge deel van Valle Romano, elk op een eigen perceel met privézwembad, dakterras en zicht over de golfbaan tot aan zee.","Vanaf € 1.590.000 + btw","Estepona, Valle Romano","Vanaf,€ 1.590.000","LEARN_MORE","https://nuevaliving.com/nl/property-valle-romano-hilltop-villas.html?utm_source=meta&utm_medium=paid_social&utm_campaign=nl-estepona&utm_content=valle-romano-hilltop-villas"
"valle-romano-hilltop-villas","pl","Pięć wolnostojących willi w górnej części Valle Romano, każda na własnej działce, z prywatnym basenem, tarasem na dachu i widokiem ponad polem golfowym na morze.","Od 1 590 000 € + VAT","Estepona, Valle Romano","Od,1 590 000 €","LEARN_MORE","https://nuevaliving.com/pl/property-valle-romano-hilltop-villas.html?utm_source=meta&utm_medium=paid_social&utm_campaign=pl-estepona&utm_content=valle-romano-hilltop-villas"
"valle-romano-hilltop-villas","no","Fem frittliggende villaer på den høye delen av Valle Romano, hver på egen tomt med privat basseng, takterrasse og utsikt over golfbanen ut mot havet.","Fra 1 590 000 € + mva","Estepona, Valle Romano","Fra,1 590 000 €","LEARN_MORE","https://nuevaliving.com/no/property-valle-romano-hilltop-villas.html?utm_source=meta&utm_medium=paid_social&utm_campaign=no-estepona&utm_content=valle-romano-hilltop-villas"
"valle-romano-hilltop-villas","sv","Fem fristående villor på den höga delen av Valle Romano, var och en på egen tomt med privat pool, takterrass och utsikt över golfbanan ut mot havet.","Från 1 590 000 € + moms","Estepona, Valle Romano","Från,1 590 000 €","LEARN_MORE","https://nuevaliving.com/sv/property-valle-romano-hilltop-villas.html?utm_source=meta&utm_medium=paid_social&utm_campaign=sv-estepona&utm_content=valle-romano-hilltop-villas"
"vega-verde-residences","en","Avant-garde residences in Marbella's Golf Valley, with resort-style pool, spa, cinema and golf simulator.","From €785,000","Nueva Andalucia / Golf Valley","From,€785,000","LEARN_MORE","https://nuevaliving.com/property-vega-verde-residences.html?utm_source=meta&utm_medium=paid_social&utm_campaign=en-nueva-andalucia&utm_content=vega-verde-residences"
"vega-verde-residences","es","Viviendas vanguardistas en el Valle del Golf de Marbella, con piscina tipo resort, spa, cine y simulador de golf.","Desde 785.000 €","Nueva Andalucía / Valle del Golf","From,€785,000","LEARN_MORE","https://nuevaliving.com/es/property-vega-verde-residences.html?utm_source=meta&utm_medium=paid_social&utm_campaign=es-nueva-andalucia&utm_content=vega-verde-residences"
"vega-verde-residences","fr","Résidences avant-gardistes dans le Golf Valley de Marbella, avec piscine de style resort, spa, cinéma et simulateur de golf.","À partir de 785 000 €","Nueva Andalucia / Golf Valley","From,€785,000","LEARN_MORE","https://nuevaliving.com/fr/property-vega-verde-residences.html?utm_source=meta&utm_medium=paid_social&utm_campaign=fr-nueva-andalucia&utm_content=vega-verde-residences"
"vega-verde-residences","de","Avantgardistische Residenzen im Golf Valley von Marbella, mit resortartigem Pool, Spa, Kino und Golfsimulator.","Ab 785.000 €","Nueva Andalucia / Golf Valley","From,€785,000","LEARN_MORE","https://nuevaliving.com/de/property-vega-verde-residences.html?utm_source=meta&utm_medium=paid_social&utm_campaign=de-nueva-andalucia&utm_content=vega-verde-residences"
"vega-verde-residences","ru","Авангардные резиденции в долине для гольфа Марбельи, с бассейном в стиле курорта, спа, кинозалом и гольф-симулятором.","От 785 000 €","Нуэва-Андалусия / Гольф-долина","From,€785,000","LEARN_MORE","https://nuevaliving.com/ru/property-vega-verde-residences.html?utm_source=meta&utm_medium=paid_social&utm_campaign=ru-nueva-andalucia&utm_content=vega-verde-residences"
"vega-verde-residences","ar","وحدات سكنية طليعية في وادي غولف ماربيا، مع مسبح على طراز المنتجعات وسبا وسينما ومحاكي غولف.","بدءًا من 785,000 €","نويفا أندلوثيا / وادي الغولف","From,€785,000","LEARN_MORE","https://nuevaliving.com/ar/property-vega-verde-residences.html?utm_source=meta&utm_medium=paid_social&utm_campaign=ar-nueva-andalucia&utm_content=vega-verde-residences"
"vega-verde-residences","nl","Avant-gardistische woningen in de Golf Valley van Marbella, met zwembad op resortniveau, spa, bioscoop en golfsimulator.","Vanaf € 785.000","Nueva Andalucía / Golf Valley","From,€785,000","LEARN_MORE","https://nuevaliving.com/nl/property-vega-verde-residences.html?utm_source=meta&utm_medium=paid_social&utm_campaign=nl-nueva-andalucia&utm_content=vega-verde-residences"
"vega-verde-residences","pl","Awangardowe rezydencje w Golf Valley w Marbelli, z basenem w stylu kurortowym, spa, kinem i symulatorem golfa.","Od 785 000 €","Nueva Andalucía / Golf Valley","From,€785,000","LEARN_MORE","https://nuevaliving.com/pl/property-vega-verde-residences.html?utm_source=meta&utm_medium=paid_social&utm_campaign=pl-nueva-andalucia&utm_content=vega-verde-residences"
"vega-verde-residences","no","Avantgardistiske boliger i Golf Valley i Marbella, med basseng i resortstil, spa, kino og golfsimulator.","Fra 785 000 €","Nueva Andalucía / Golf Valley","From,€785,000","LEARN_MORE","https://nuevaliving.com/no/property-vega-verde-residences.html?utm_source=meta&utm_medium=paid_social&utm_campaign=no-nueva-andalucia&utm_content=vega-verde-residences"
"vega-verde-residences","sv","Avantgardistiska bostäder i Golf Valley i Marbella, med pool i resortstil, spa, biograf och golfsimulator.","Från 785 000 €","Nueva Andalucía / Golf Valley","From,€785,000","LEARN_MORE","https://nuevaliving.com/sv/property-vega-verde-residences.html?utm_source=meta&utm_medium=paid_social&utm_campaign=sv-nueva-andalucia&utm_content=vega-verde-residences"
"vista-alta-suites","en","A collection of 72 apartments across seven buildings on the New Golden Mile in Estepona, with sea and mountain views and a full amenity floor.","From EUR 725,000","Estepona, Estepona","From,EUR 725,000","LEARN_MORE","https://nuevaliving.com/property-vista-alta-suites.html?utm_source=meta&utm_medium=paid_social&utm_campaign=en-estepona&utm_content=vista-alta-suites"
"vista-alta-suites","es","Una colección de 72 apartamentos repartidos en siete edificios en la New Golden Mile de Estepona, con vistas al mar y a la montaña y una planta completa de zonas comunes.","Desde 725.000 €","Estepona, Estepona","Desde,Desde 725.000 €","LEARN_MORE","https://nuevaliving.com/es/property-vista-alta-suites.html?utm_source=meta&utm_medium=paid_social&utm_campaign=es-estepona&utm_content=vista-alta-suites"
"vista-alta-suites","fr","Une collection de 72 appartements répartis dans sept bâtiments sur la New Golden Mile à Estepona, avec vue mer et montagne et un étage entier dédié aux équipements.","À partir de 725 000 €","Estepona, Estepona","Estepona","LEARN_MORE","https://nuevaliving.com/fr/property-vista-alta-suites.html?utm_source=meta&utm_medium=paid_social&utm_campaign=fr-estepona&utm_content=vista-alta-suites"
"vista-alta-suites","de","Eine Kollektion von 72 Wohnungen in sieben Gebäuden an der New Golden Mile in Estepona, mit Meer- und Bergblick und einer kompletten Etage mit Gemeinschaftsbereichen.","Ab 725.000 €","Estepona, Estepona","Ab,Ab 725.000 €","LEARN_MORE","https://nuevaliving.com/de/property-vista-alta-suites.html?utm_source=meta&utm_medium=paid_social&utm_campaign=de-estepona&utm_content=vista-alta-suites"
"vista-alta-suites","ru","Коллекция из 72 апартаментов в семи зданиях на Новой Золотой миле в Эстепоне, с видом на море и горы и целым этажом инфраструктуры.","От 725 000 €","Estepona, Эстепона","От,От 725 000 €","LEARN_MORE","https://nuevaliving.com/ru/property-vista-alta-suites.html?utm_source=meta&utm_medium=paid_social&utm_campaign=ru-estepona&utm_content=vista-alta-suites"
"vista-alta-suites","ar","مجموعة من 72 شقة موزعة على سبعة مبانٍ على الميل الذهبي الجديد في إستيبونا، بإطلالات على البحر والجبال وطابق كامل من المرافق.","ابتداءً من 725,000 €","Estepona، إستيبونا","إستيبونا","LEARN_MORE","https://nuevaliving.com/ar/property-vista-alta-suites.html?utm_source=meta&utm_medium=paid_social&utm_campaign=ar-estepona&utm_content=vista-alta-suites"
"vista-alta-suites","nl","Een verzameling van 72 appartementen verdeeld over zeven gebouwen aan de New Golden Mile in Estepona, met zee- en bergzicht en een volledige voorzieningenverdieping.","Vanaf € 725.000","Estepona, Estepona","Vanaf,Vanaf € 725.000","LEARN_MORE","https://nuevaliving.com/nl/property-vista-alta-suites.html?utm_source=meta&utm_medium=paid_social&utm_campaign=nl-estepona&utm_content=vista-alta-suites"
"vista-alta-suites","pl","Zespół 72 apartamentów w siedmiu budynkach na Nowej Złotej Mili w Esteponie, z widokiem na morze i góry oraz pełną strefą udogodnień.","Od 725 000 €","Estepona, Estepona","Od,Od 725 000 €","LEARN_MORE","https://nuevaliving.com/pl/property-vista-alta-suites.html?utm_source=meta&utm_medium=paid_social&utm_campaign=pl-estepona&utm_content=vista-alta-suites"
"vista-alta-suites","no","En samling av 72 leiligheter fordelt på sju bygg på New Golden Mile i Estepona, med utsikt til hav og fjell og en komplett fasilitetsetasje.","Fra 725 000 €","Estepona, Estepona","Fra,Fra 725 000 €","LEARN_MORE","https://nuevaliving.com/no/property-vista-alta-suites.html?utm_source=meta&utm_medium=paid_social&utm_campaign=no-estepona&utm_content=vista-alta-suites"
"vista-alta-suites","sv","En samling av 72 lägenheter fördelade på sju byggnader vid New Golden Mile i Estepona, med hav- och bergsutsikt samt en fullständig bekvämlighetsvåning.","Från 725 000 €","Estepona, Estepona","Från,Från 725 000 €","LEARN_MORE","https://nuevaliving.com/sv/property-vista-alta-suites.html?utm_source=meta&utm_medium=paid_social&utm_campaign=sv-estepona&utm_content=vista-alta-suites"
